pitch_St,pitch_amp,thrust_loss
0,0.5,0.995517668148417
0,1,0.993527908881883
0,1.5,0.990458096710909
0,2,0.986417663610667
0,2.5,0.98140373851977
0,3,0.974776267420197
0,3.5,0.966499496652803
0,4,0.957288736934294
0,4.5,0.948265923128451
0,5,0.941288391113877
0,5.5,0.938767599119867
0.01,0.5,0.995698924864555
0.01,1,0.993746014927211
0.01,1.5,0.990715512687445
0.01,2,0.986733569523751
0.01,2.5,0.981804281653631
0.01,3,0.975327479609739
0.01,3.5,0.967144644889897
0.01,4,0.958000025989808
0.01,4.5,0.948993947981774
0.01,5,0.941934939284018
0.01,5.5,0.939378223697757
0.02,0.5,0.995876124619844
0.02,1,0.993960640950473
0.02,1.5,0.99097115963166
0.02,2,0.987053485891825
0.02,2.5,0.982209536823084
0.02,3,0.975897434151245
0.02,3.5,0.967813085520284
0.02,4,0.958746490709443
0.02,4.5,0.949773959956758
0.02,5,0.94263656931674
0.02,5.5,0.940039514054176
0.03,0.5,0.9960489252988
0.03,1,0.994171355969848
0.03,1.5,0.991224624359038
0.03,2,0.987378374907226
0.03,2.5,0.982624842284987
0.03,3,0.976487049214121
0.03,3.5,0.968504081215763
0.03,4,0.959527612168288
0.03,4.5,0.950607029804198
0.03,5,0.943395399043364
0.03,5.5,0.940752559045983
0.04,0.5,0.996216976697187
0.04,1,0.99437769982581
0.04,1.5,0.99147541046646
0.04,2,0.987709168556702
0.04,2.5,0.983055568625414
0.04,3,0.977097145652171
0.04,3.5,0.96921668951287
0.04,4,0.960342641211215
0.04,4.5,0.951493990313556
0.04,5,0.944213595048018
0.04,5.5,0.941518232711939
0.05,0.5,0.996379921839309
0.05,1,0.994579182319305
0.05,1.5,0.99172292547033
0.05,2,0.988046640116095
0.05,2.5,0.983507084591332
0.05,3,0.977728308010328
0.05,3.5,0.969949744837811
0.05,4,0.961190583431076
0.05,4.5,0.95243536475733
0.05,5,0.945093371778998
0.05,5.5,0.942337127684304
0.06,0.5,0.996537398666939
0.06,1,0.994775282948977
0.06,1.5,0.99196647057314
0.06,2,0.988391253939841
0.06,2.5,0.98398476761654
0.06,3,0.978380721694435
0.06,3.5,0.970701843924398
0.06,4,0.962070187356523
0.06,4.5,0.953431285596862
0.06,5,0.946036990764954
0.06,5.5,0.943209479465577
0.07,0.5,0.996689042136935
0.07,1,0.994965451354189
0.07,1.5,0.992205234368531
0.07,2,0.988743004635583
0.07,2.5,0.984494014821216
0.07,3,0.979053997109723
0.07,3.5,0.971471335961965
0.07,4,0.962979936832357
0.07,4.5,0.954481407132842
0.07,5,0.947046760142339
0.07,5.5,0.94413508555214
0.08,0.5,0.996834486759631
0.08,1,0.995149108570822
0.08,1.5,0.99243829172365
0.08,2,0.989101260718976
0.08,2.5,0.985040254366292
0.08,3,0.979746995695538
0.08,3.5,0.972256318671156
0.08,4,0.963918048605885
0.08,4.5,0.955584818433292
0.08,5,0.94812503479635
0.08,5.5,0.945113226424646
0.09,0.5,0.996973369602369
0.09,1,0.995325649214284
0.09,1.5,0.992664608861187
0.09,2,0.989464631537939
0.09,2.5,0.985628956960697
0.09,3,0.980457676678254
0.09,3.5,0.973054641198765
0.09,4,0.96488247613573
0.09,4.5,0.956739965069146
0.09,5,0.949274217543835
0.09,5.5,0.946142598177393
0.1,0.5,0.997105333771173
0.1,1,0.995494444724963
0.1,1.5,0.992883055289862
0.1,2,0.98983087852774
0.1,2.5,0.986265646815809
0.1,3,0.98118298586026
0.1,3.5,0.973863914239399
0.1,4,0.965870920622826
0.1,4.5,0.957944588757558
0.1,5,0.950496761203683
0.1,5.5,0.947221267724927
0.11,0.5,0.997230032367952
0.11,1,0.995654847852194
0.11,1.5,0.993092422703076
0.11,2,0.990196891082794
0.11,2.5,0.98695076068822
0.11,3,0.981918807112728
0.11,3.5,0.974681527143336
0.11,4,0.966880850242058
0.11,4.5,0.959195691971088
0.11,5,0.951788409363162
0.11,5.5,0.948346659879472
0.12,0.5,0.997347132900129
0.12,1,0.995806198619665
0.12,1.5,0.993291450297104
0.12,2,0.990558742426833
0.12,2.5,0.987671560588509
0.12,3,0.98265999224305
0.12,3.5,0.975504670998001
0.12,4,0.96790952854614
0.12,4.5,0.960489529902237
0.12,5,0.953137396454161
0.12,5.5,0.949515580880544
0.13,0.5,0.997456322093767
0.13,1,0.995947832111497
0.13,1.5,0.993478855184133
0.13,2,0.990911832384097
0.13,2.5,0.988414024784724
0.13,3,0.983400476107383
0.13,3.5,0.976330365853194
0.13,4,0.96895405303889
0.13,4.5,0.961821626225079
0.13,5,0.954535315548819
0.13,5.5,0.950724276458038
0.14,0.5,0.997557311030355
0.14,1,0.996079088539376
0.14,1.5,0.993653365737323
0.14,2,0.991251114151818
0.14,2.5,0.989164176706581
0.14,3,0.984133473634807
0.14,3.5,0.977155489524434
0.14,4,0.970011404980889
0.14,4.5,0.963186804046105
0.14,5,0.955973830935838
0.14,5.5,0.951968516574632
0.15,0.5,0.997649840492187
0.15,1,0.996199326179412
0.15,1.5,0.993813754864009
0.15,2,0.991571393695273
0.15,2.5,0.9899080632402
0.15,3,0.984851746708749
0.15,3.5,0.977976804932078
0.15,4,0.971078511579528
0.15,4.5,0.964579221087761
0.15,5,0.957444692276673
0.15,5.5,0.953243695694319
0.16,0.5,0.997733686363681
0.16,1,0.996307937861462
0.16,1.5,0.993958869434349
0.16,2,0.991867684580685
0.16,2.5,0.990631726964275
0.16,3,0.985547923153898
0.16,3.5,0.978790982938491
0.16,4,0.972152321769701
0.16,4.5,0.965992399029581
0.16,5,0.958939762481705
0.16,5.5,0.954544937387878
0.17,0.5,0.9978086648992
0.17,1,0.996404371681314
0.17,1.5,0.994087651491444
0.17,2,0.992135597337892
0.17,2.5,0.991321168326646
0.17,3,0.986214846882889
0.17,3.5,0.979594618352119
0.17,4,0.973229896693521
0.17,4.5,0.96741924035174
0.17,5,0.960451057636216
0.17,5.5,0.955867194442204
0.18,0.5,0.997874637636583
0.18,1,0.996488156378711
0.18,1.5,0.994199146563025
0.18,2,0.992371739196194
0.18,2.5,0.991962294721456
0.18,3,0.986845935944249
0.18,3.5,0.980384238295088
0.18,4,0.974308515555407
0.18,4.5,0.968852030775134
0.18,5,0.961970800232189
0.18,5.5,0.957205338895638
0.19,0.5,0.997931515715298
0.19,1,0.996558931252494
0.19,1.5,0.994292494555391
0.19,2,0.992574096340038
0.19,2.5,0.992540853236863
0.19,3,0.987435522836056
0.19,3.5,0.981156304337056
0.19,4,0.975385796542144
0.19,4.5,0.970282430324117
0.19,5,0.963491485708692
0.19,5.5,0.958554239379513
0.2,0.5,0.997979263355573
0.2,1,0.996616479466856
0.2,1.5,0.994366899556876
0.2,2,0.992742367667312
0.2,2.5,0.993042343341628
0.2,3,0.987979149957827
0.2,3.5,0.981907212126157
0.2,4,0.97645983078321
0.2,4.5,0.971701460180439
0.2,5,0.965005960247749
0.2,5.5,0.959908825281541
0.21,0.5,0.998017900276198
0.21,1,0.996660762160426
0.21,1.5,0.99442157664833
0.21,2,0.992878219106958
0.21,2.5,0.993455838268242
0.21,3,0.988473795033299
0.21,3.5,0.982633293745987
0.21,4,0.977529321522658
0.21,4.5,0.973099494949096
0.21,5,0.966507505013087
0.21,5.5,0.961264138585108
0.22,0.5,0.9980475028794
0.22,1,0.99669194916111
0.22,1.5,0.994455676671469
0.22,2,0.992985433612504
0.22,2.5,0.993791258420421
0.22,3,0.988918009115356
0.22,3.5,0.983330827696665
0.22,4,0.978589643242264
0.22,4.5,0.974466270002458
0.22,5,0.96798991907474
0.22,5.5,0.962615375063669
0.23,0.5,0.998068204113266
0.23,1,0.99671044088338
0.23,1.5,0.994468194721043
0.23,2,0.993069944566502
0.23,2.5,0.994064854041271
0.23,3,0.98931196326839
0.23,3.5,0.983996058826173
0.23,4,0.97963069836615
0.23,4.5,0.975790912464691
0.23,5,0.969447591122487
0.23,5.5,0.963957917122569
0.24,0.5,0.99808019203439
0.24,1,0.996716875844584
0.24,1.5,0.994459099055353
0.24,2,0.993139756833089
0.24,2.5,0.9942921389566
0.24,3,0.989657415677134
0.24,3.5,0.984625226391073
0.24,4,0.980644220314943
0.24,4.5,0.977064785502085
0.24,5,0.97087554991326
0.24,5.5,0.965287361152223
0.25,0.5,0.998083707228209
0.25,1,0.996712119676469
0.25,1.5,0.994432699700092
0.25,2,0.99320477566936
0.25,2.5,0.994487749341523
0.25,3,0.989957623298479
0.25,3.5,0.98521459428399
0.25,4,0.981623030857978
0.25,4.5,0.978286724853358
0.25,5,0.972269485944134
0.25,5.5,0.966599542738199
0.26,0.5,0.998079039388045
0.26,1,0.99669723439337
0.26,1.5,0.994394179312869
0.26,2,0.993274485666952
0.26,2.5,0.994665416696286
0.26,3,0.990217226895994
0.26,3.5,0.985760474981681
0.26,4,0.982561092338403
0.26,4.5,0.979456478373772
0.26,5,0.97362574171103
0.26,5.5,0.967890563163413
0.27,0.5,0.998066523484351
0.27,1,0.996673430142436
0.27,1.5,0.994348249365441
0.27,2,0.993349873682527
0.27,2.5,0.9948366137023
0.27,3,0.990442134386356
0.27,3.5,0.98625923879656
0.27,4,0.983453530227922
0.27,4.5,0.980573556768825
0.27,5,0.974941273551155
0.27,5.5,0.969156819861713
0.28,0.5,0.998046536042157
0.28,1,0.996642004505433
0.28,1.5,0.994299136574135
0.28,2,0.993430153292408
0.28,2.5,0.995010842832869
0.28,3,0.990639417385047
0.28,3.5,0.986707302390609
0.28,4,0.984296622971429
0.28,4.5,0.981637368379453
0.28,5,0.976213593830069
0.28,5.5,0.970395041487263
0.29,0.5,0.99801949204878
0.29,1,0.99660427577866
0.29,1.5,0.994250598926644
0.29,2,0.99351541991138
0.29,2.5,0.995196200524019
0.29,3,0.990817224109953
0.29,3.5,0.987101082773671
0.29,4,0.985087757357273
0.29,4.5,0.982647355478573
0.29,5,0.977434228241508
0.29,5.5,0.971602325266224
0.3,0.5,0.997985842892621
0.3,1,0.996561516397483
0.3,1.5,0.994205960403526
0.3,2,0.993606446557366
0.3,2.5,0.995399240286582
0.3,3,0.990984702816117
0.3,3.5,0.987437622589899
0.3,4,0.985825345794622
0.3,4.5,0.983603124164148
0.3,5,0.978595807228009
0.3,5.5,0.972776171344518
0.31,0.5,0.997946075455072
0.31,1,0.996514891302752
0.31,1.5,0.994168150577797
0.31,2,0.993704532163294
0.31,2.5,0.99562511887996
0.31,3,0.991151926534582
0.31,3.5,0.987723906044395
0.31,4,0.986508701435139
0.31,4.5,0.984504559149245
0.31,5,0.979699277278215
0.31,5.5,0.973914507438734
0.32,0.5,0.997900712044152
0.32,1,0.996465404291098
0.32,1.5,0.994139735309311
0.32,2,0.993811408503873
0.32,2.5,0.995876590704499
0.32,3,0.99132981242547
0.32,3.5,0.987970444220063
0.32,4,0.987137869451954
0.32,4.5,0.985351915509793
0.32,5,0.980745873934266
0.32,5.5,0.975015698196817
0.33,0.5,0.99785031034433
0.33,1,0.996413853816346
0.33,1.5,0.99412292794653
0.33,2,0.993929208043022
0.33,2.5,0.996153885903413
0.33,3,0.99153003547776
0.33,3.5,0.98818754164691
0.33,4,0.987713417599586
0.33,4.5,0.986145881523863
0.33,5,0.98173705025483
0.33,5.5,0.976078536890894
0.34,0.5,0.997795462128922
0.34,1,0.996360798580784
0.34,1.5,0.994119575787722
0.34,2,0.994060492819635
0.34,2.5,0.99645499176054
0.34,3,0.991763391391804
0.34,3.5,0.988385283055428
0.34,4,0.98823619468076
0.34,4.5,0.986887609346373
0.34,5,0.982674433829778
0.34,5.5,0.97710222086598
0.35,0.5,0.997736789364708
0.35,1,0.996306532591892
0.35,1.5,0.994131123124133
0.35,2,0.994208342289367
0.35,2.5,0.996775497094924
0.35,3,0.992028091112696
0.35,3.5,0.988573556156451
0.35,4,0.988707077288917
0.35,4.5,0.987578712748884
0.35,5,0.983559791003664
0.35,5.5,0.978086314953955
0.36,0.5,0.997674936706133
0.36,1,0.996252451873868
0.36,1.5,0.994158559084135
0.36,2,0.994376494942828
0.36,2.5,0.997108481948365
0.36,3,0.992316682289378
0.36,3.5,0.988762112165192
0.36,4,0.98913118350163
0.36,4.5,0.988221233531997
0.36,5,0.984394996769129
0.36,5.5,0.979030708092211
0.37,0.5,0.997610560198916
0.37,1,0.996201049669796
0.37,1.5,0.994202364361672
0.37,2,0.994569536494897
0.37,2.5,0.997444467735297
0.37,3,0.992622189456048
0.37,3.5,0.988960657886462
0.37,4,0.989518250196959
0.37,4.5,0.988817580809132
0.37,5,0.985182008864936
0.37,5.5,0.979935567900136
0.38,0.5,0.997544313005389
0.38,1,0.996153545843441
0.38,1.5,0.994262473833276
0.38,2,0.994792042196302
0.38,2.5,0.997771435828719
0.38,3,0.992938155515386
0.38,3.5,0.989178967674434
0.38,4,0.989875419441738
0.38,4.5,0.989370450038256
0.38,5,0.985922844882949
0.38,5.5,0.980801296685641
0.39,0.5,0.997476829719354
0.39,1,0.996110878863389
0.39,1.5,0.994338270345371
0.39,2,0.995037338746453
0.39,2.5,0.998074914493764
0.39,3,0.993258690697007
0.39,3.5,0.989426995388759
0.39,4,0.990208971235729
0.39,4.5,0.989882730677424
0.39,5,0.986619561525284
0.39,5.5,0.981628490951769
0.4,0.5,0.997408711078457
0.4,1,0.996073722287312
0.4,1.5,0.994428618404891
0.4,2,0.995295004218357
0.4,2.5,0.99833813179428
0.4,3,0.993578547350835
0.4,3.5,0.989707860895644
0.4,4,0.990524228002791
0.4,4.5,0.990357411839347
0.4,5,0.987274235477768
0.4,5.5,0.982417905334635
0.41,0.5,0.997340510608497
0.41,1,0.996042502897423
0.41,1.5,0.994531937161975
0.41,2,0.995556198583713
0.41,2.5,0.998547190924435
0.41,3,0.993893200298352
0.41,3.5,0.990012871206854
0.41,4,0.990825521056093
0.41,4.5,0.990797494119644
0.41,5,0.987888945636672
0.41,5.5,0.983170421141996
0.42,0.5,0.997272724169972
0.42,1,0.996017422793172
0.42,1.5,0.994646303360613
0.42,2,0.995813716259448
0.42,2.5,0.998706474795998
0.42,3,0.994198909359031
0.42,3.5,0.990336198320901
0.42,4,0.991116219960883
0.42,4.5,0.991205913407673
0.42,5,0.988465756625435
0.42,5.5,0.98388701923256
0.43,0.5,0.997205782784721
0.43,1,0.995998484445629
0.43,1.5,0.994769569789099
0.43,2,0.996061953098809
0.43,2.5,0.998824613198626
0.43,3,0.994492744618837
0.43,3.5,0.99067255640239
0.43,4,0.991398812659456
0.43,4.5,0.991585479803434
0.43,5,0.98900670366562
0.43,5.5,0.984568756783488
0.44,0.5,0.997140048664768
0.44,1,0.995985517682782
0.44,1.5,0.994899484170864
0.44,2,0.996296794693937
0.44,2.5,0.998908857174431
0.44,3,0.994772565005746
0.44,3.5,0.991017186580406
0.44,4,0.991675019121086
0.44,4.5,0.991938832437225
0.44,5,0.989513778930157
0.44,5.5,0.98521674744443
0.45,0.5,0.997075814091005
0.45,1,0.995978207583729
0.45,1.5,0.99503379639394
0.45,2,0.996515444333669
0.45,2.5,0.998965297900221
0.45,3,0.995036952672309
0.45,3.5,0.991365865643189
0.45,4,0.991945920610354
0.45,4.5,0.992268409332914
0.45,5,0.989988919519982
0.45,5.5,0.985832144402347
0.46,0.5,0.997013302665518
0.46,1,0.995976122318227
0.46,1.5,0.995170346556447
0.46,2,0.996716215608583
0.46,2.5,0.998999067701226
0.46,3,0.995285114868918
0.46,3.5,0.991714899672627
0.46,4,0.992212089599557
0.46,4.5,0.992576430480591
0.46,5,0.990433997182111
0.46,5.5,0.986416125939032
0.47,0.5,0.996952672436188
0.47,1,0.995978740072966
0.47,1.5,0.995307130790277
0.47,2,0.996898314420803
0.47,2.5,0.999014512288354
0.47,3,0.995516768883884
0.47,3.5,0.992061105432721
0.47,4,0.992473710016256
0.47,4.5,0.992864891847675
0.47,5,0.990850809842059
0.47,5.5,0.986969883128493
0.48,0.5,0.99689402042059
0.48,1,0.995985474347345
0.48,1.5,0.99544234525418
0.48,2,0.997061630109772
0.48,2.5,0.999015335377137
0.48,3,0.995732024607915
0.48,3.5,0.992401782361741
0.48,4,0.992730682170405
0.48,4.5,0.993135567986787
0.48,5,0.991241074967988
0.48,5.5,0.987494609381897
0.49,0.5,0.996837388108807
0.49,1,0.995995697065169
0.49,1.5,0.995574410815848
0.49,2,0.997206548574484
0.49,2.5,0.999004718533391
0.49,3,0.995931275466516
0.49,3.5,0.992734677871916
0.49,4,0.992982710348716
0.49,4.5,0.993390021047045
0.49,5,0.99160642472754
0.49,5.5,0.987991491599412
0.5,0.5,0.996782767584834
0.5,1,0.996008759119735
0.5,1.5,0.995701981950641
0.5,2,0.997333794008388
0.5,2.5,0.998985419612459
0.5,3,0.996115104053398
0.5,3.5,0.993057948397697
0.5,4,0.993229373439613
0.5,4.5,0.993629614257898
0.5,5,0.991948402847393
0.5,5.5,0.988461702729656
0.51,0.5,0.996730107966074
0.51,1,0.99602400813438
0.51,1.5,0.995823943600997
0.51,2,0.99744430120929
0.51,2.5,0.998960079739389
0.51,3,0.996284205134821
0.51,3.5,0.993370118300974
0.51,4,0.993470180240243
0.51,4.5,0.993855528262846
0.51,5,0.99226846304379
0.51,5.5,0.988906395569757
0.52,0.5,0.996679321915838
0.52,1,0.996040803368452
0.52,1.5,0.99593939948089
0.52,2,0.997539117377785
0.52,2.5,0.998930257359388
0.52,3,0.996439326187464
0.52,3.5,0.993670038376259
0.52,4,0.993704611624306
0.52,4.5,0.994068778991733
0.52,5,0.992567968861949
0.52,5.5,0.989326697663649
0.53,0.5,0.996630292034194
0.53,1,0.996058527822569
0.53,1.5,0.99604765481234
0.53,2,0.997619330430545
0.53,2.5,0.998896732495032
0.53,3,0.996581224120533
0.53,3.5,0.993956845329618
0.53,4,0.993932151818697
0.53,4.5,0.994270236051099
0.53,5,0.992848194742997
0.53,5.5,0.989723707174877
0.54,0.5,0.996582876976967
0.54,1,0.99607659769405
0.54,1.5,0.996148195903559
0.54,2,0.997686019742504
0.54,2.5,0.998860106514269
0.54,3,0.996710635992605
0.54,3.5,0.994229923253888
0.54,4,0.994152310869199
0.54,4.5,0.994460640869345
0.54,5,0.993110328128384
0.54,5.5,0.990098489624492
0.55,0.5,0.996536917191675
0.55,1,0.996094469402855
0.55,1.5,0.996240668413549
0.55,2,0.997740224729485
0.55,2.5,0.998820837000703
0.55,3,0.996828261121908
0.55,3.5,0.994488867805959
0.55,4,0.994364640109351
0.55,4.5,0.994640624052308
0.55,5,0.993355472411943
0.55,5.5,0.99045207539547
0.56,0.5,0.996492240192729
0.56,1,0.996111644452507
0.56,1.5,0.996324855644299
0.56,2,0.99778292674052
0.56,2.5,0.998779266866005
0.56,3,0.996934751893178
0.56,3.5,0.994733453518636
0.56,4,0.994568742159563
0.56,4.5,0.994810721584752
0.56,5,0.99358465055713
0.56,5.5,0.990785457914045
0.57,0.5,0.996448665326792
0.57,1,0.996127672412719
0.57,1.5,0.99640065777905
0.57,2,0.997815040251439
0.57,2.5,0.99873564819894
0.57,3,0.997030710734885
0.57,3.5,0.994963604454929
0.57,4,0.994764276713382
0.57,4.5,0.994971389656667
0.57,5,0.993798809209531
0.57,5.5,0.991099592425517
0.58,0.5,0.996406008002938
0.58,1,0.996142152314595
0.58,1.5,0.996468072647287
0.58,2,0.997837410148293
0.58,2.5,0.99869016179592
0.58,3,0.997116691112977
0.58,3.5,0.995179368236183
0.58,4,0.994950963130244
0.58,4.5,0.995123018004109
0.58,5,0.993998823150961
0.58,5.5,0.991395395288561
0.59,0.5,0.996364083381635
0.59,1,0.996154732740023
0.59,1.5,0.996527178338271
0.59,2,0.997850812744408
0.59,2.5,0.998642933138172
0.59,3,0.997193200864147
0.59,3.5,0.995380893344518
0.59,4,0.995128580652351
0.59,4.5,0.995265941737167
0.59,5,0.994185499959603
0.59,5.5,0.991673743717757
0.6,0.5,0.996322709532116
0.6,1,0.996165110867916
0.6,1.5,0.996578117794959
0.6,2,0.997855958927217
0.6,2.5,0.998594045438522
0.6,3,0.99726070667242
0.6,3.5,0.99556840950906
0.6,4,0.99529696689578
0.6,4.5,0.995400451687362
0.6,5,0.99435958475972
0.6,5.5,0.991935475909557
0.61,0.5,0.99628171007948
0.61,1,0.996173030714718
0.61,1.5,0.996621085387222
0.61,2,0.997853498408606
0.61,2.5,0.998543550267658
0.61,3,0.997319638906011
0.61,3.5,0.995742210928179
0.61,4,0.995456015128356
0.61,4.5,0.99552680334765
0.61,5,0.994521764963309
0.61,5.5,0.99218139149213
0.62,0.5,0.996240916371714
0.62,1,0.996178280778291
0.62,1.5,0.99665631537562
0.62,2,0.997844024453672
0.62,2.5,0.998491476179436
0.62,3,0.997370396346828
0.62,3.5,0.995902642049723
0.62,4,0.995605670734919
0.62,4.5,0.995645224504493
0.62,5,0.994672674924087
0.62,5.5,0.992412252244587
0.63,0.5,0.996200169202816
0.63,1,0.996180691264796
0.63,1.5,0.996684072123796
0.63,2,0.997828078721452
0.63,2.5,0.998437835681672
0.63,3,0.997413350563693
0.63,3.5,0.99605008562152
0.63,4,0.995745927179734
0.63,4.5,0.995755921676185
0.63,5,0.99481290044087
0.63,5.5,0.992628783036141
0.64,0.5,0.996159320131954
0.64,1,0.996180131049341
0.64,1.5,0.996704641889784
0.64,2,0.997806156009859
0.64,2.5,0.99838263083959
0.64,3,0.997448849820198
0.64,3.5,0.99618495272953
0.64,4,0.995876821702747
0.64,4.5,0.995859085478277
0.64,5,0.994942983062411
0.64,5.5,0.992831672940574
0.65,0.5,0.996118232440484
0.65,1,0.99617650449405
0.65,1.5,0.9967183260164
0.65,2,0.997778708790724
0.65,2.5,0.998325857750298
0.65,3,0.997477222491015
0.65,3.5,0.996307674556185
0.65,4,0.995998430927565
0.65,4.5,0.995954895037107
0.65,5,0.995063424158996
0.65,5.5,0.993021576486152
0.66,0.5,0.996076781768931
0.66,1,0.99616974822262
0.66,1.5,0.996725435342821
0.66,2,0.997746151475522
0.66,2.5,0.998267510086683
0.66,3,0.997498780005606
0.66,3.5,0.996418695612631
0.66,4,0.996110866512243
0.66,4.5,0.996043521568709
0.66,5,0.995174688737502
0.66,5.5,0.993199115005663
0.67,0.5,0.996034856475179
0.67,1,0.996159827928515
0.67,1.5,0.996726285668692
0.67,2,0.997708864383978
0.67,2.5,0.998207581875725
0.67,3,0.997513819359967
0.67,3.5,0.996518468222865
0.67,4,0.996214270936683
0.67,4.5,0.996125131233644
0.67,5,0.99527720898623
0.67,5.5,0.993364878055593
0.68,0.5,0.995992357753398
0.68,1,0.996146735275119
0.68,1.5,0.996721194115681
0.68,2,0.997667197406484
0.68,2.5,0.998146069648709
0.68,3,0.997522625245312
0.68,3.5,0.996607448063073
0.68,4,0.996308813491287
0.68,4.5,0.996199887369913
0.68,5,0.995371387543781
0.68,5.5,0.993519424877601
0.69,0.5,0.995949199550677
0.69,1,0.996130484930117
0.69,1.5,0.996710476246879
0.69,2,0.997621473362219
0.69,2.5,0.998082974077704
0.69,3,0.99752547184323
0.69,3.5,0.996686090584126
0.69,4,0.996394686508645
0.69,4.5,0.996267952196893
0.69,5,0.995457600492674
0.69,5.5,0.993663285879205
0.7,0.5,0.995905308315701
0.7,1,0.996111111763117
0.7,1.5,0.996694443820437
0.7,2,0.997571991061806
0.7,2.5,0.998018301193445
0.7,3,0.997522624333888
0.7,3.5,0.996754848168453
0.7,4,0.996472101862491
0.7,4.5,0.996329488073613
0.7,5,0.995536200083427
0.7,5.5,0.993796964114231
0.71,0.5,0.99586062261054
0.71,1,0.996088668224636
0.71,1.5,0.996673403069341
0.71,2,0.997519028087323
0.71,2.5,0.997952063263712
0.71,3,0.997514340159205
0.71,3.5,0.996814167893717
0.71,4,0.996541287744885
0.71,4.5,0.996384658385373
0.71,5,0.995607517198736
0.71,5.5,0.993920936746755
0.72,0.5,0.995815092613529
0.72,1,0.99606322191598
0.72,1.5,0.996647653413689
0.72,2,0.997462843305036
0.72,2.5,0.997884279397813
0.72,3,0.99750087007773
0.72,3.5,0.996864489794731
0.72,4,0.996602485722593
0.72,4.5,0.996433628123532
0.72,5,0.995671863570177
0.72,5.5,0.99403565648524
0.73,0.5,0.995768679538033
0.73,1,0.996034853352741
0.73,1.5,0.99661748652499
0.73,2,0.997403679127473
0.73,2.5,0.997814975931577
0.73,3,0.997482459042942
0.73,3.5,0.996906245531586
0.73,4,0.996655948066524
0.73,4.5,0.996476564215002
0.73,5,0.995729533761854
0.73,5.5,0.994141552976215
0.74,0.5,0.995721354988802
0.74,1,0.996003653919517
0.74,1.5,0.996583185673732
0.74,2,0.997341763541961
0.74,2.5,0.997744186637843
0.74,3,0.997459346931896
0.74,3.5,0.996939857386557
0.74,4,0.996701935342962
0.74,4.5,0.996513635650143
0.74,5,0.995780806936624
0.74,5.5,0.994239034149174
0.75,0.5,0.99567310027473
0.75,1,0.995969724009693
0.75,1.5,0.996545025301749
0.75,2,0.997277311922704
0.75,2.5,0.997671952799587
0.75,3,0.997431769146964
0.75,3.5,0.996965737524621
0.75,4,0.996740714252031
0.75,4.5,0.996545013450718
0.75,5,0.995825948421266
0.75,5.5,0.994328487506447
0.76,0.5,0.995623905694098
0.76,1,0.995933171341391
0.76,1.5,0.996503270769872
0.76,2,0.997210528642818
0.76,2.5,0.997598323176311
0.76,3,0.997399957109456
0.76,3.5,0.996984287463052
0.76,4,0.996772555696763
0.76,4.5,0.996570870513382
0.76,5,0.995865211087066
0.76,5.5,0.99441028135361
0.77,0.5,0.995573769805928
0.77,1,0.995894109439025
0.77,1.5,0.996458178239099
0.77,2,0.99714160850189
0.77,2.5,0.997523353888804
0.77,3,0.997364138660561
0.77,3.5,0.996995897704427
0.77,4,0.99679773306508
0.77,4.5,0.996591381358544
0.77,5,0.995898836562186
0.77,5.5,0.994484765967467
0.78,0.5,0.995522698698836
0.78,1,0.995852656268793
0.78,1.5,0.996409994650054
0.78,2,0.997070737983334
0.78,2.5,0.99744710824288
0.78,3,0.99732453838183
0.78,3.5,0.99700094749489
0.78,4,0.996816520706742
0.78,4.5,0.996606721809604
0.78,5,0.9959270562917
0.78,5.5,0.994552274700095
0.79,0.5,0.995470705266736
0.79,1,0.995808933016033
0.79,1.5,0.996358957771254
0.79,2,0.996998096354265
0.79,2.5,0.997369656508897
0.79,3,0.99728137784458
0.79,3.5,0.996999804675908
0.79,4,0.996829192587644
0.79,4.5,0.996617068623337
0.79,5,0.995950092460538
0.79,5.5,0.99461312501837
0.8,0.5,0.995417808499074
0.8,1,0.995763062992368
0.8,1.5,0.996305296291467
0.8,2,0.996923856618875
0.8,2.5,0.997291075670687
0.8,3,0.997234875794774
0.8,3.5,0.996992825602951
0.8,4,0.996836021104415
0.8,4.5,0.996622599088552
0.8,5,0.995968158793764
0.8,5.5,0.994667619479454
0.81,0.5,0.995364032791645
0.81,1,0.99571517066092
0.81,1.5,0.996249229935652
0.81,2,0.996848186334062
0.81,2.5,0.997211449154975
0.81,3,0.997185248277208
0.81,3.5,0.99698035510919
0.81,4,0.996837276043427
0.81,4.5,0.996623490606999
0.81,5,0.995981461247722
0.81,5.5,0.994716046643387
0.82,0.5,0.995309407282824
0.82,1,0.995665380768431
0.82,1.5,0.996190969587551
0.82,2,0.996771248293717
0.82,2.5,0.997130866550133
0.82,3,0.997132708699983
0.82,3.5,0.996962726496073
0.82,4,0.996833223669362
0.82,4.5,0.996619920267891
0.82,5,0.995990198604657
0.82,5.5,0.994758681924538
0.83,0.5,0.99525396521884
0.83,1,0.995613817574019
0.83,1.5,0.996130717405256
0.83,2,0.996693201085098
0.83,2.5,0.99704942332136
0.83,3,0.997077467837141
0.83,3.5,0.996940261536087
0.83,4,0.996824125929883
0.83,4.5,0.996612064425127
0.83,5,0.995994562982417
0.83,5.5,0.994795788384112
0.84,0.5,0.995197743350843
0.84,1,0.995560604165101
0.84,1.5,0.996068666918952
0.84,2,0.996614199517313
0.84,2.5,0.996967220527925
0.84,3,0.997019733763889
0.84,3.5,0.99691327047608
0.84,4,0.996810239764242
0.84,4.5,0.996600098284417
0.84,5,0.995994740269864
0.84,5.5,0.994827617466312
0.85,0.5,0.995140781365678
0.85,1,0.995505861852102
0.85,1.5,0.996005003102855
0.85,2,0.996534394917845
0.85,2.5,0.996884364546814
0.85,3,0.996959711714876
0.85,3.5,0.996882052032373
0.85,4,0.996791816505122
0.85,4.5,0.996584195505959
0.85,5,0.995990910497724
0.85,5.5,0.994854409680914
0.86,0.5,0.995083121351625
0.86,1,0.99544970963453
0.86,1.5,0.995939902416014
0.86,2,0.996453935288145
0.86,2.5,0.996800966806204
0.86,3,0.996897603851262
0.86,3.5,0.996846893371722
0.86,4,0.996769101364277
0.86,4.5,0.996564527826993
0.86,5,0.995983248153619
0.86,5.5,0.994876395235244
0.87,0.5,0.995024807299881
0.87,1,0.995392263732082
0.87,1.5,0.995873532809468
0.87,2,0.996372965303539
0.87,2.5,0.996717143531334
0.87,3,0.996833608916988
0.87,3.5,0.99680807007492
0.87,4,0.996742332993888
0.87,4.5,0.996541264707487
0.87,5,0.995971922449233
0.87,5.5,0.994893794618612
0.88,0.5,0.994965884642028
0.88,1,0.995333637175354
0.88,1.5,0.995806053700053
0.88,2,0.996291626136154
0.88,2.5,0.996633015504649
0.88,3,0.996767921758558
0.88,3.5,0.996765846082826
0.88,4,0.996711743116766
0.88,4.5,0.996514573001308
0.88,5,0.995957097546637
0.88,5.5,0.994906819142291
0.89,0.5,0.994906399823466
0.89,1,0.995273939451746
0.89,1.5,0.995737615914184
0.89,2,0.996210055072477
0.89,2.5,0.996548707841566
0.89,3,0.996700732676475
0.89,3.5,0.996720473627504
0.89,4,0.996677556219623
0.89,4.5,0.996484616654522
0.89,5,0.99593893275015
0.89,5.5,0.994915671438101
0.9,0.5,0.994846399912416
0.9,1,0.995213276202927
0.9,1.5,0.995668361608067
0.9,2,0.996128384890662
0.9,2.5,0.996464349782833
0.9,3,0.996632226570939
0.9,3.5,0.996672193154312
0.9,4,0.996639989304623
0.9,4.5,0.996451556431829
0.9,5,0.9959175826693
0.9,5.5,0.994920545918629
0.91,0.5,0.994785932243941
0.91,1,0.995151748970938
0.91,1.5,0.995598424173886
0.91,2,0.996046742958736
0.91,2.5,0.996380074503947
0.91,3,0.996562581842216
0.91,3.5,0.996621233243752
0.91,4,0.99659925169533
0.91,4.5,0.996415549671697
0.91,5,0.995893197357826
0.91,5.5,0.994921629202004
0.92,0.5,0.994725044098157
0.92,1,0.995089454990658
0.92,1.5,0.99552792814456
0.92,2,0.995965250017087
0.92,2.5,0.996296018942001
0.92,3,0.996491969010294
0.92,3.5,0.996567810544815
0.92,4,0.99655554489374
0.92,4.5,0.996376750070318
0.92,5,0.995865922433086
0.92,5.5,0.994919100504054
0.93,0.5,0.994663782411709
0.93,1,0.995026487026756
0.93,1.5,0.995456989112156
0.93,2,0.995884018623016
0.93,2.5,0.99621232363993
0.93,3,0.996420549035579
0.93,3.5,0.99651212973386
0.93,4,0.996509062485737
0.93,4.5,0.996335307494146
0.93,5,0.995835899179618
0.93,5.5,0.994913132000531
0.94,0.5,0.994602193521412
0.94,1,0.994962933253511
0.94,1.5,0.995385713676989
0.94,2,0.995803151269686
0.94,2.5,0.996129132608089
0.94,3,0.996348471359738
0.94,3.5,0.996454383514705
0.94,4,0.996459990092577
0.94,4.5,0.996291367820598
0.94,5,0.995803264640159
0.94,5.5,0.994903889161963
0.95,0.5,0.994540322938841
0.95,1,0.99489887717611
0.95,1.5,0.995314199445091
0.95,2,0.99572273825491
0.95,2.5,0.996046593202875
0.95,3,0.996275871751054
0.95,3.5,0.996394752676079
0.95,4,0.996408505366235
0.95,4.5,0.996245072806113
0.95,5,0.99576815169693
0.95,5.5,0.994891531063514
0.96,0.5,0.994478215154561
0.96,1,0.994834397591893
0.96,1.5,0.995242535091109
0.96,2,0.995642855470778
0.96,2.5,0.995964856022035
0.96,3,0.996202870134132
0.96,3.5,0.99633340622165
0.96,4,0.996354778026471
0.96,4.5,0.996196559980706
0.96,5,0.995730689145617
0.96,5.5,0.994876210672129
0.97,0.5,0.9944159134706
0.97,1,0.994769568589935
0.97,1.5,0.995170800501402
0.97,2,0.995563562402919
0.97,2.5,0.995884074816219
0.97,3,0.996129568696952
0.97,3.5,0.996270501585238
0.97,4,0.996298969937349
0.97,4.5,0.996145962567882
0.97,5,0.995691001764052
0.97,5.5,0.994858075113031
0.98,0.5,0.99435345985964
0.98,1,0.994704459587071
0.98,1.5,0.995099067007986
0.98,2,0.995484900734033
0.98,2.5,0.995804406416297
0.98,3,0.99605605066332
0.98,3.5,0.996206184939744
0.98,4,0.996241235220773
0.98,4.5,0.9960934094287
0.98,5,0.995649210377347
0.98,5.5,0.994837265917521
0.99,0.5,0.994290894849388
0.99,1,0.994639135398066
0.99,1.5,0.995027397718571
0.99,2,0.995406893979759
0.99,2.5,0.995726010675894
0.99,3,0.99598238013569
0.99,3.5,0.996140591602728
0.99,4,0.996181720404248
0.99,4.5,0.996039025028573
0.99,5,0.995605431920843
0.99,5.5,0.994813919253856
1,0.5,0.994228257430489
1,1,0.994573656337318
1,1.5,0.99495584794134
1,2,0.995329548481423
1,2.5,0.995649049587585
1,3,0.995908603292536
1,3.5,0.996073846535201
1,4,0.996120564599778
1,4.5,0.995982929425384
1,5,0.995559779502064
1,5.5,0.994788166142852
1.01,0.5,0.994165584986279
1.01,1,0.994508078348988
1.01,1.5,0.994884465696283
1.01,2,0.995252855817922
1.01,2.5,0.995572990510665
1.01,3,0.995834750953337
1.01,3.5,0.996006064923684
1.01,4,0.99605789971047
1.01,4.5,0.995925238277338
1.01,5,0.995512362462556
1.01,5.5,0.9947601326597
