y/D,u (x/D=6.5),u (x/D=7.0),u (x/D=7.5),u (x/D=8.0),u (x/D=8.5),u (x/D=11.0),u (x/D=11.5),u (x/D=12.0),u (x/D=12.5),u (x/D=13.0),u (x/D=13.5)
-1.99947863698591,10.0864101854623,10.0551617687963,10.0205836364172,9.99052541816904,9.95590649656993,9.79264847653721,9.70300153627987,9.64647784426291,9.60831505945645,9.56941193060944,9.51090278074066
-1.98170549354603,10.0876287825734,10.0524721425064,10.0148242958581,9.97883024150804,9.93934285480202,9.75185995681333,9.67223707977473,9.62149650344136,9.5813912450355,9.53218989344909,9.47619957507314
-1.96393235010616,10.0865002310629,10.0485831683336,10.0078209125238,9.96435965768003,9.92193968892118,9.70882934941428,9.64091076741694,9.59446453425491,9.54983262892138,9.49186702029674,9.44279622705418
-1.94615920666628,10.0847736121151,10.0463515627744,9.99968272963081,9.94913195605971,9.90355552152278,9.6665390264231,9.60650993531345,9.56361136485654,9.51336714971204,9.45362824136935,9.40771565257518
-1.92838606322641,10.0850313377588,10.0450461016472,9.9904808830809,9.93272333905546,9.88589647412727,9.62260764869052,9.57045584821257,9.52663991120999,9.4751813368106,9.41636297997539,9.36754082229583
-1.91061291978653,10.0879693915147,10.0418001876518,9.97896350134831,9.91662355303725,9.86780720723265,9.57740202566574,9.5311044773818,9.48535486769813,9.43605435003922,9.37815291140004,9.32107140893153
-1.89283977634666,10.0904153088256,10.0334082504703,9.96676887836288,9.90002355349203,9.84775126601814,9.53219409638679,9.48938175440536,9.44041298297728,9.39594090097588,9.33628431735723,9.27276984537685
-1.87506663290678,10.0880139015406,10.0208527502773,9.95120927407843,9.8800795987325,9.82019402949832,9.48804394349854,9.44672168771604,9.39570058054002,9.35078938602957,9.28983593844272,9.22196438281685
-1.85729348946691,10.0776824515493,10.0045999328254,9.92936805947615,9.85320111360949,9.78628525590929,9.4398233823234,9.40277514208565,9.34883386749451,9.29977411118917,9.23620156840123,9.16884545835251
-1.83952034602703,10.0608972959978,9.98587784004415,9.89860359283078,9.82043072906061,9.7455445934348,9.38866642161224,9.35450055341562,9.29576098191806,9.24151245517696,9.1797389176074,9.11237825536954
-1.82174720258716,10.0395489287502,9.9612357254913,9.8634719474335,9.77951705877956,9.70038135141735,9.33529731300268,9.3030142041348,9.23207389434087,9.17588927925095,9.12184873297372,9.05327073006488
-1.80397405914728,10.0148284626212,9.92984335803247,9.8255217375757,9.73138662929568,9.64825634091429,9.28203436095196,9.24380958361706,9.16222699313582,9.10515367212798,9.06080975473147,8.98578958746426
-1.78620091570741,9.984603560024,9.89148254963007,9.78431091241308,9.67507511207367,9.59019604732799,9.22553743087045,9.17523762338613,9.09164115124551,9.03811234800123,8.99178440122028,8.91176875392993
-1.76842777226753,9.95028048565344,9.84716122824737,9.73529064259052,9.61579903851358,9.52556744340278,9.16799707949146,9.09929366227028,9.02749367597359,8.97707949322595,8.9176676560603,8.83430052695973
-1.75065462882766,9.91244722996798,9.7974053209031,9.67976532431053,9.55395326787325,9.45819976154521,9.10894639327688,9.02702552432963,8.96866037597221,8.92074973988822,8.83917233602635,8.75810832877517
-1.73288148538778,9.87080947351175,9.74866414941123,9.61824186146715,9.49356644629781,9.38869166778918,9.0496731677302,8.96411081248525,8.9096594087632,8.86208649395503,8.76238480471685,8.68363777070352
-1.71510834194791,9.82319771862785,9.69880623024033,9.5565613509107,9.43278395363741,9.3180771030697,8.98852726040816,8.90810439464308,8.8457740770832,8.79711268342431,8.69266802902663,8.61438776049934
-1.69733519850804,9.77035600894104,9.64354938024008,9.49584954787655,9.37146062995837,9.24613307872587,8.92524520656321,8.84558538806121,8.78012552496909,8.72389821650115,8.63143594490372,8.554592078516
-1.67956205506816,9.71225047293464,9.5812893009467,9.43519240783321,9.30799194067492,9.17526936379301,8.85414929033606,8.77407561818974,8.71437420759193,8.64886174430317,8.5725044743655,8.50753215711558
-1.66178891162829,9.65233520600112,9.51884754659063,9.36964172250809,9.24439009237789,9.10418646052969,8.77766488009512,8.69569784792263,8.65145987898603,8.5720263503969,8.51016376236656,8.46381840317422
-1.64401576818841,9.58899426678107,9.45187127950518,9.30056198983567,9.17772269478125,9.03426435600945,8.69837142685596,8.61666877317633,8.58419636016216,8.49468865512821,8.43970593023979,8.41124327743225
-1.62624262474854,9.51980376343628,9.37806363528553,9.22619793437703,9.10203978238818,8.96042060504164,8.6216815745998,8.5340856468958,8.50648521719875,8.41569538447746,8.36646576642909,8.34452938367982
-1.60846948130866,9.44179340243274,9.29635887228067,9.14545014490485,9.00683222489234,8.87996025288312,8.54066608865935,8.45260735415494,8.41451654113881,8.3394946703394,8.29304133060603,8.27503630298038
-1.59069633786879,9.35549083561543,9.21080908479603,9.05607139000512,8.90356331542521,8.79289541044515,8.45490326893778,8.37172649225337,8.3209032780973,8.26760691268508,8.22605993881298,8.20770565816502
-1.57292319442891,9.26392894153445,9.11987447720897,8.96242417009226,8.79797166577717,8.70838207311908,8.36213629836611,8.29266323693851,8.23158861042791,8.2002691992218,8.1684633971663,8.14579374280221
-1.55515005098904,9.17308451334365,9.02579151492449,8.865584796421,8.69711327365004,8.62446365842925,8.26743619018122,8.21449913130431,8.15244893627898,8.13265406123417,8.12038991759984,8.08606092744969
-1.53737690754916,9.08214886398877,8.92589699324153,8.76987141592112,8.59768384619171,8.53950483895995,8.17301265734161,8.14042541460107,8.08319393534462,8.07062451199487,8.07175977429671,8.02686934786974
-1.51960376410929,8.98628681641844,8.8215785259554,8.67206712727436,8.49686778697707,8.44734667270247,8.0876513150386,8.06810315761063,8.02315340913269,8.01650075397709,8.01943315312584,7.96806229544206
-1.50183062066941,8.8838290153721,8.71986053436976,8.56827724796933,8.39313425941752,8.34851257351601,8.01262685080161,7.99841766920934,7.96396034326992,7.96985417963038,7.95931629326814,7.91352343610983
-1.48405747722954,8.7832191686116,8.62064291443601,8.45475710081181,8.2930468445553,8.23936875247016,7.94500342237643,7.9291726916392,7.90011583787303,7.9209132518342,7.89611669542799,7.85735122883412
-1.46628433378966,8.69157395660118,8.52122723538592,8.33447632874782,8.18772412174373,8.12782827774188,7.87732486367981,7.86010057493009,7.82665292074612,7.86638536688723,7.82863203497544,7.79869614866448
-1.44851119034979,8.60923897908302,8.42684989416488,8.21283289426904,8.08336583626135,8.02676211599694,7.80896499142639,7.78450582818605,7.75329427601398,7.80261397026602,7.76062043776886,7.73441029739115
-1.43073804690991,8.52575966191594,8.33272341489364,8.10314320432727,7.98463082870677,7.93853472718293,7.73814219933803,7.70455346457319,7.68052811503237,7.72947990828789,7.69045588865148,7.67069332241776
-1.41296490347004,8.42719317147335,8.23084368541545,8.00590909282739,7.89307310059079,7.85195146023977,7.66451483273406,7.61528273551136,7.6083138225502,7.64226801496593,7.62225882781336,7.60714866818932
-1.39519176003017,8.30838423244463,8.11687175087071,7.9126432294355,7.80134835385825,7.76362398142785,7.57413915018345,7.51852506561087,7.53197800406047,7.55247466661959,7.55412948199993,7.54654430804743
-1.37741861659029,8.18052307590869,7.99975743471013,7.8147065180112,7.70590177282759,7.67086971982704,7.4674789490644,7.418933446483,7.45561580995965,7.46831481740566,7.48889866396948,7.49037689098996
-1.35964547315042,8.05417188539158,7.88289102161088,7.71580015505158,7.60314461265555,7.576071630164,7.35433301569413,7.33217616336131,7.37906799941406,7.39552722967965,7.42465139224473,7.4381965551066
-1.34187232971054,7.93382905343729,7.76789629626717,7.61030501815544,7.49425910264617,7.47813965779824,7.25984043479352,7.25964221812048,7.3042175660633,7.32628823044343,7.36076135059679,7.38453094361601
-1.32409918627067,7.81529032624303,7.64554236304227,7.49102739947556,7.38059719930101,7.38311309901262,7.18532289235427,7.19303526808453,7.22844014215146,7.25535502351979,7.29134409360602,7.32866651378621
-1.30632604283079,7.69448609211476,7.51347160657286,7.361211637703,7.27164323321621,7.28466187136513,7.11799934990992,7.12327624735553,7.15435003736976,7.1755722914276,7.2212148376463,7.26774466739783
-1.28855289939092,7.56968000626356,7.37313465881555,7.23579427802385,7.15938056969746,7.18199984642249,7.04115396540811,7.0514063953735,7.08548171952206,7.09171892006561,7.1492194255068,7.20603745345503
-1.27077975595104,7.43701975807995,7.2385001342433,7.11445707823917,7.04090513613139,7.06777423162161,6.95472187661682,6.97619040660157,7.02704425817203,7.01642708446856,7.08254151677266,7.1383854630392
-1.25300661251117,7.29346627202646,7.11172574027689,6.99508664502911,6.91563891323757,6.94345615659404,6.86489123739646,6.90580927861797,6.97054612441958,6.95799103806851,7.02212055661008,7.06276764143452
-1.23523346907129,7.14602188497273,6.99409294433285,6.87003510459499,6.7925838723135,6.81088122394738,6.78801159350517,6.8428899632638,6.90909795171952,6.90696474828815,6.95993176849403,6.98106936606661
-1.21746032563142,6.99878176333027,6.87970420375453,6.74043895806106,6.67461819425396,6.68146195645453,6.7295463462076,6.7875797203034,6.83885520539341,6.85422250612005,6.8855881934448,6.9019942052302
-1.19968718219154,6.85071214721942,6.76401806570612,6.61445403366084,6.56610771627025,6.56184459775874,6.68230927960842,6.73075618891723,6.76851566574619,6.79309071451236,6.80813863872713,6.82608601721269
-1.18191403875167,6.70304771549561,6.64153791707402,6.49000614239655,6.46368805519547,6.44982718395165,6.62964601848367,6.66749840379511,6.69704734062544,6.73007329671657,6.73712030028217,6.7578356991528
-1.16414089531179,6.55856123768958,6.51215228361876,6.36707171458092,6.35943820058764,6.33558030005016,6.56239953961346,6.59291314475113,6.62181166245368,6.66870536352904,6.6784856789772,6.69935500757501
-1.14636775187192,6.41936091003525,6.37412625880705,6.2557984941893,6.24428911682436,6.22568100319242,6.47572565521744,6.51290915998268,6.5444284771067,6.61030141952024,6.62489528068108,6.65196532131656
-1.12859460843204,6.28116254668508,6.23623530955832,6.15278261903896,6.12480120546392,6.1180799911629,6.38337875095085,6.4336273065128,6.47918514302321,6.54788903940591,6.56900710720874,6.6082811638683
-1.11082146499217,6.13904294908062,6.10048549938326,6.04715493614698,6.00403081120718,6.01459166757622,6.29803668363484,6.36531624662265,6.42652707263292,6.48201136527036,6.51221574482769,6.56396250671029
-1.09304832155229,5.99857291445789,5.9813068420398,5.9354953495529,5.88536978980742,5.91310511601373,6.22728763681435,6.30557769301038,6.37760503458022,6.41116827136687,6.45818636804289,6.51452652625578
-1.07527517811242,5.86635057982419,5.8657119603854,5.82766781805393,5.76708539239993,5.80948127293384,6.16231834977651,6.25364948838888,6.31964928450333,6.34292502995914,6.40605862766052,6.46128611320711
-1.05750203467255,5.74439522966486,5.74659290703506,5.71660279724334,5.65284981459436,5.69541179926667,6.10642270420084,6.2077309794353,6.25951658043895,6.28029342431713,6.35960838157828,6.40592605731776
-1.03972889123267,5.63586600392393,5.63204549620432,5.59852555263317,5.54672327869608,5.57394455902872,6.05622135976609,6.16806236838168,6.20659870647966,6.23225967649085,6.31414045480852,6.35505932221116
-1.0219557477928,5.5361934530976,5.52877250161262,5.47427992097703,5.4510744640634,5.44798944389673,6.01142431876669,6.12563100794677,6.15901415477058,6.20016524984259,6.26929548790563,6.30417088049169
-1.00418260435292,5.42553649933497,5.42150501923115,5.35702184560788,5.36258659091872,5.32501187839875,5.97193300011672,6.07926026136104,6.10904972060249,6.17624634389234,6.22352187036887,6.25246075672004
-0.986409460913047,5.29796563770801,5.3067140574308,5.25004639575958,5.27297942980053,5.21381645905921,5.94214164725892,6.02983740870123,6.0620166744819,6.14825649497511,6.17443260484524,6.19954569802156
-0.968636317473172,5.16798921861704,5.20199292869923,5.1531226108463,5.16716383681579,5.11740962883208,5.91814106079273,5.98255464238204,6.01850304435648,6.1139300845778,6.12287164408955,6.14526825014889
-0.950863174033297,5.03787943456984,5.09920725776792,5.05518166968137,5.0494169981627,5.02118294509213,5.89241045173546,5.93515994786424,5.98229025197414,6.06951179684359,6.07476275037,6.09304879557147
-0.933090030593423,4.91467019320936,4.98690639246148,4.93953748595163,4.93508300625502,4.91607638146156,5.86521204397227,5.89487796086906,5.95600820967673,6.0206896016675,6.02438087194805,6.04888515123239
-0.915316887153548,4.79831189018105,4.87375181291186,4.82023105439895,4.82460112792166,4.81111254956416,5.84685004490177,5.86653980670723,5.94168512490809,5.97049652763192,5.97303830463716,6.00848696354078
-0.897543743713673,4.68624678535631,4.7543834356652,4.71295583771997,4.70443757626505,4.71803080394174,5.82910189579553,5.85448241997998,5.92253299493011,5.92226138757318,5.92400424091553,5.96893108961402
-0.879770600273798,4.56590661551388,4.63125891165861,4.6152903716707,4.58810190481649,4.6422757598775,5.8075573164427,5.85602308895121,5.90331200692913,5.88045309181873,5.88398644276139,5.92576491506925
-0.861997456833924,4.43190017571725,4.51515118979625,4.52546624063452,4.47875305811382,4.58617557979786,5.78175356853802,5.86190258969187,5.88912665083063,5.85556024239179,5.85161552408849,5.87850093991307
-0.844224313394049,4.28941802283307,4.4067267294367,4.44300938514175,4.37545171298169,4.53354218094569,5.76007365671347,5.85704326821545,5.87527929630002,5.83700916925033,5.83154034258167,5.83211120469046
-0.826451169954174,4.15914586091676,4.28723717912367,4.36525541951823,4.27898457603253,4.48089056177011,5.74205740479608,5.83969991656164,5.85360488929444,5.81514333507272,5.81219700274027,5.80187973948008
-0.8086780265143,4.04917035219964,4.16650784216859,4.27573396237914,4.1977918386954,4.42906937267734,5.72751224082108,5.81052767728776,5.82357265720187,5.78171731505599,5.78808196881806,5.78985761303354
-0.790904883074425,3.96495954402751,4.06072737424036,4.18455043265647,4.1244089917928,4.37479168055051,5.72083123377733,5.78220460005021,5.78299219913797,5.74483510477697,5.76047089137086,5.7949383940806
-0.77313173963455,3.89568322696703,3.98338229681313,4.09806520995837,4.05373995774112,4.31513769158653,5.72107338983584,5.76638190169131,5.7381368366748,5.71325232551765,5.73611774979155,5.80034833448872
-0.755358596194675,3.83065560312384,3.92996831783868,4.02167482826707,3.99890354176852,4.25511077743824,5.71678214297099,5.75764875395993,5.69918512303466,5.6901668406063,5.71409902109169,5.79271406396622
-0.737585452754801,3.76194727944906,3.88920273451571,3.95309562675966,3.96286335793011,4.20213980180846,5.70640417537904,5.74943639216936,5.6714907909998,5.66211067490897,5.69722825927016,5.7660715820434
-0.719812309314926,3.69299264779963,3.84104096215873,3.8828845045289,3.92681851434445,4.1576328109785,5.68927770833314,5.7390698172092,5.65260377322823,5.6360145333133,5.68096951881252,5.72881586151849
-0.702039165875051,3.62580945892687,3.78493825768682,3.79910054569254,3.88493992669497,4.11349853953718,5.66662691684008,5.71911206159136,5.64362050655411,5.61605360804618,5.6658498368152,5.686326759602
-0.684266022435176,3.57392463824142,3.73403203885251,3.71088925975604,3.85087465604687,4.06804893420056,5.63911462405316,5.69205557218041,5.63215585268651,5.60322367568043,5.64550722232438,5.64977364785715
-0.666492878995302,3.52820146449778,3.68478042545709,3.64043861616031,3.83080574296904,4.02549382068043,5.62170137327698,5.65941671138857,5.61122843010866,5.59388648576501,5.61509041162594,5.62129795432711
-0.648719735555427,3.48855944755938,3.63349954382998,3.59124283558667,3.80130468917747,3.98489774084888,5.60905342429607,5.62499354806314,5.58291436516553,5.58512420439882,5.57400116283035,5.60183748790891
-0.630946592115552,3.45538896319183,3.58220573427603,3.55966909773898,3.76957088024288,3.94265202553665,5.58712542364866,5.58574832979945,5.555216207247,5.570873196527,5.53705528532008,5.58432706614005
-0.613173448675678,3.44130941829879,3.53471607053475,3.53669061837177,3.73715896675572,3.91255282615637,5.55325201061994,5.54373084045154,5.5207336873615,5.55692238936444,5.51387551427367,5.56640129790659
-0.595400305235803,3.43754875394012,3.49303000168469,3.5208606612423,3.70204568330268,3.90002336979656,5.51349619433976,5.49769509035297,5.48552391489857,5.53409871123976,5.50141849609024,5.54734476528867
-0.577627161795928,3.42903091987978,3.45433729693439,3.5206822679326,3.67042450032171,3.89249997955006,5.46568436133791,5.44796022156394,5.44701946253478,5.49978337515813,5.48773185414935,5.52708151345055
-0.559854018356054,3.3992117558609,3.422298219334,3.52965334339741,3.65287767946493,3.88602522338593,5.41059224853391,5.39730135416466,5.40531647025575,5.45618208707477,5.47232696884076,5.50358688707317
-0.542080874916179,3.3699593166057,3.40437161977956,3.52819039780513,3.64410124831045,3.89538346950257,5.34643953995655,5.35197457772662,5.35569952794306,5.41068070300128,5.44547384863859,5.47782412696874
-0.524307731476304,3.34469289873498,3.38802193864735,3.5037748606893,3.63767290589101,3.93632469167449,5.28095653715629,5.30211750442794,5.29430187194132,5.358919651118,5.40662943706612,5.44482299720399
-0.506534588036429,3.33039894591144,3.36500763404684,3.4654095672745,3.63087125925226,4.00301576974558,5.21133848567363,5.23900690480355,5.21974360936433,5.3010236648558,5.36338940034948,5.40848864954291
-0.488761444596555,3.32403060634768,3.33948600038297,3.43385489314221,3.6227236036598,4.06471551257937,5.13428517617108,5.15778693297418,5.15146354226902,5.23996901536767,5.32502420722642,5.37306051221739
-0.47098830115668,3.32743639170757,3.31268376031445,3.4148764492478,3.62046657264959,4.10558922283319,5.0428751148797,5.06464542454746,5.10191460701526,5.1828769975512,5.28759277439964,5.34295893635152
-0.453215157716805,3.32570461565829,3.27723813291328,3.40386011057053,3.63439485146601,4.12577770069636,4.9429932459915,4.96610969884653,5.05797585614253,5.12817611516,5.24700520764899,5.31491769508125
-0.435442014276931,3.31797247912932,3.24478423599618,3.40013658100391,3.66338541260304,4.13593709032201,4.84292922988526,4.87318908485086,5.00010318957832,5.07745465585272,5.20490643352688,5.28120863177658
-0.417668870837056,3.30627184939533,3.2255721510064,3.41212781490358,3.6974217776998,4.14397385574497,4.74798253541015,4.78761959548964,4.92623647962363,5.02782078297022,5.16923214494646,5.23445955625976
-0.399895727397181,3.30901440447194,3.2182147010673,3.42773845551245,3.7304840067404,4.15241153571323,4.6548784852316,4.70393893276175,4.84065883026292,4.97802958604845,5.13580880247049,5.18707166334999
-0.382122583957306,3.31706386888185,3.21753396492953,3.4334580038029,3.76463054534218,4.1620422764852,4.57113354445918,4.61489210925479,4.75694382978398,4.92674011724192,5.0964849895335,5.14484455709146
-0.364349440517432,3.32719608548661,3.22674924161122,3.44615453077052,3.81164943374071,4.16897995589679,4.48600874069998,4.53964143562048,4.68867201872417,4.87590174291357,5.04640833743793,5.105743044234
-0.346576297077557,3.32899846109536,3.24951851452387,3.4784522047804,3.8754554738346,4.17783500602042,4.39568077243162,4.49370088177341,4.62744800386196,4.82767054876441,4.99104865709803,5.06539333032245
-0.328803153637682,3.33503074044316,3.28803167193156,3.52699191724919,3.95759788524806,4.20266705835492,4.31237418100906,4.46310050576136,4.56542555542853,4.79008012817595,4.93152477533317,5.0299050417544
-0.311030010197807,3.35909930625086,3.33244910526296,3.58879433789004,4.04918835024414,4.24286221505183,4.24725354364931,4.42843360168378,4.51133491865517,4.75023308321574,4.87717003120139,5.0014678832262
-0.293256866757933,3.39813321341726,3.37353532002071,3.66760184682647,4.14606985661313,4.29942779241176,4.20458030540616,4.38746006274198,4.46399111080541,4.70577922720635,4.833920326325,4.97937144900553
-0.275483723318058,3.41949501045156,3.40126415784636,3.77187449140951,4.24663794056715,4.36968281379788,4.18393622829422,4.34817825675162,4.41783397811925,4.65706791359745,4.79778927945701,4.96107219180738
-0.257710579878183,3.42556226010281,3.4390304003894,3.89436904873833,4.34608858227645,4.44475459913357,4.16227488678186,4.31409624057759,4.37017070286539,4.60294005676547,4.77022379850778,4.94714491191104
-0.239937436438309,3.42001310506637,3.48903568780645,4.01090542264223,4.44988724658241,4.52877444633554,4.12613770861301,4.27602709541837,4.32485635904376,4.5445630605085,4.75191216067984,4.936693551398
-0.222164292998434,3.42162295329048,3.54828049673271,4.11105351751092,4.55696517825443,4.64387377734055,4.08860166903551,4.23838046979489,4.28821655277041,4.48931588820789,4.73459553194134,4.92864931400358
-0.204391149558559,3.43024687580789,3.62005227585748,4.19877438758758,4.66206127090009,4.78815460432397,4.05584448745226,4.21336497665313,4.26487604122299,4.44434195307445,4.71233618838696,4.91516976352607
-0.186618006118684,3.460557798871,3.71846640698011,4.27959801898298,4.77275088404836,4.94542756941507,4.03143628848939,4.19383247914273,4.24936312965613,4.41463625300579,4.68382400572875,4.89471108886936
-0.16884486267881,3.50655203550501,3.84009702955032,4.36700331726913,4.88215378439294,5.10446879329576,4.0195421276094,4.16999341556177,4.23926424275326,4.38648726459759,4.65070386716106,4.87147239289758
-0.151071719238935,3.56661865478293,3.97441564289455,4.4724150634497,4.98747299003787,5.25316498435744,4.01490050818,4.14485004675563,4.22672115891508,4.35095096905176,4.62299792614462,4.8536049108039
-0.13329857579906,3.62817442883496,4.10249106418114,4.60268359914773,5.09767201470796,5.39342506384798,4.0048304811466,4.11855284788144,4.20337236043934,4.30971428487865,4.60619264210407,4.84312151794822
-0.115525432359186,3.69528303714046,4.22669496329773,4.7523793318994,5.21751600735627,5.53526891850802,3.98705131594243,4.08323882655227,4.16999010539848,4.26937571979386,4.59172782045764,4.84131124022119
-0.0977522889193109,3.76035335609053,4.3374817948507,4.92119552954648,5.34926202697111,5.70156370493806,3.96626534630539,4.03456692397893,4.13271639637326,4.23482634143447,4.57036230557575,4.84358964285294
-0.0799791454794362,3.82885384749076,4.43928685337272,5.09122496076653,5.50370222009882,5.8957604499424,3.94230961981233,3.9807766468802,4.0984296799843,4.21011064118054,4.54113434635468,4.84339259671427
-0.0622060020395615,3.90230826082372,4.53957765439886,5.25524318488951,5.67748084726788,6.08809794290442,3.91889052210232,3.93253974673252,4.07110355317853,4.19575564991577,4.5096866759004,4.83955760396573
-0.0444328585996868,3.9989578537472,4.65683639616473,5.41147117073886,5.86991941449265,6.25780328051654,3.90367846591756,3.89903014799862,4.04771047252551,4.1870366861538,4.48381602452023,4.83715448063751
-0.026659715159812,4.12844285359748,4.80081490470418,5.57444332553998,6.06926984096817,6.40540459615146,3.89791906541619,3.88681228314117,4.02873851012228,4.18278911404937,4.47613380186032,4.83697179194794
-0.00888657171993735,4.27648587264744,4.97195292678855,5.74865303255511,6.26495879175057,6.53338831779596,3.89945183928039,3.88572728727856,4.00927900632575,4.17999291249432,4.48263788665083,4.83717470465125
0.00888657171993735,4.41556259758599,5.16151601989387,5.92898594641779,6.4517143586969,6.65651569938638,3.89898232250486,3.88248266746214,3.98583540051097,4.17450656834468,4.49539074873295,4.83361972184657
0.026659715159812,4.5670385044505,5.37048911086469,6.11339930717934,6.63935629223349,6.78438351781365,3.88820751780005,3.87626510819526,3.96742522794952,4.16260938228723,4.51621715527854,4.82555901395724
0.0444328585996868,4.74300231553068,5.58548535871546,6.31033115699903,6.8320505660176,6.91891012246808,3.88188869836163,3.87186450838705,3.95851810910694,4.14096809391389,4.54298794267003,4.82137419902627
0.0622060020395615,4.95246643066708,5.80352801504517,6.52156342144732,7.02718195204964,7.04283618742526,3.88762271292963,3.86833608105862,3.95681346346755,4.1189309476496,4.56620580900149,4.82946642505696
0.0799791454794362,5.17953434568789,6.02722321328387,6.74771152324721,7.21241035327053,7.15144261025283,3.89263327220108,3.8620500431723,3.96637168893654,4.11925883808663,4.58024141522992,4.8470076651716
0.0977522889193109,5.41524370288922,6.2632349648917,6.97478122461605,7.38652825372628,7.24921048823055,3.89139024149832,3.85056643140868,3.97717453644105,4.13809542544141,4.59025591827325,4.86478253889207
0.115525432359186,5.65724255735725,6.50502494509241,7.19721932137009,7.55002317531081,7.35295453303179,3.88232518548143,3.83647470256663,3.97472285466854,4.16826115354463,4.6046238924219,4.88620748507801
0.13329857579906,5.9071046303554,6.74981865631266,7.40720392844299,7.70431979976597,7.46917502568964,3.86310379009458,3.82055549522096,3.96322379843712,4.20794309624493,4.61764547705343,4.92096398266608
0.151071719238935,6.16441439239179,6.99607573089616,7.60493845622653,7.84114094902728,7.59614521127153,3.82410275903603,3.80447002546047,3.95760779076313,4.24973611419179,4.63600277076383,4.96223954233876
0.16884486267881,6.43143475459808,7.2461164810031,7.79532630470129,7.97298353386238,7.72581040071299,3.77469295759034,3.79054579115995,3.97075810162288,4.2831713080977,4.66742395116032,5.00495782554333
0.186618006118684,6.69680942463691,7.4963109776488,7.98368888567305,8.11309233412524,7.85270150146956,3.72369728619306,3.78060622029287,3.9949864309027,4.31058191700641,4.70280674906915,5.05124149211041
0.204391149558559,6.96278247906533,7.74697883840183,8.16909159003793,8.2569458208652,7.97201779748782,3.68296168271861,3.7818426012694,4.01940143504818,4.33982237339045,4.73317383713405,5.10203421195938
0.222164292998434,7.23167870606104,7.982843473001,8.35333227877635,8.39557907251931,8.09515808862771,3.65338675511881,3.78999251961209,4.04679206989865,4.37586585757847,4.7641103723791,5.15691225160591
0.239937436438308,7.50714822996575,8.1961035789708,8.52915675410257,8.53529785608031,8.21723427753174,3.63762076427947,3.79393228870272,4.0830387731269,4.41848254290411,4.80330646364121,5.21079176350439
0.257710579878184,7.7875175062172,8.39271137537522,8.69533972666944,8.67906270326592,8.32989596511891,3.64032980598135,3.80476349248021,4.12277638211119,4.47091229912739,4.8478513455122,5.26489702379575
0.275483723318058,8.06949405428209,8.58727895143837,8.84827934021924,8.82330843391085,8.42993663005105,3.6620213386189,3.82455575007545,4.16409437533889,4.52719962066398,4.90145128627632,5.30862281386287
0.293256866757933,8.35314110951981,8.7806028568373,8.9972076139635,8.96023820547969,8.52641252952337,3.68159385011738,3.84337655149568,4.20284373961034,4.57928489985148,4.96063276907464,5.3499412216376
0.311030010197808,8.64000595584016,8.9721099897095,9.14512648917835,9.09102871456696,8.61937712346954,3.69511107061269,3.85984716053812,4.24040473443103,4.62509635202579,5.02805337587665,5.40518056372515
0.328803153637682,8.91474604393518,9.15612603526718,9.29017950350412,9.21630736974213,8.71193785948133,3.70332399750923,3.88575719261541,4.27968503009323,4.67646008935358,5.10461535474958,5.47950634761904
0.346576297077557,9.16955260058395,9.33506532324911,9.4272154299316,9.33588059817518,8.80213417648299,3.71980154881726,3.92672096980879,4.32518323487521,4.74339985589654,5.18216591245659,5.55694887294577
0.364349440517432,9.41083399641503,9.50746984534346,9.55724822266533,9.44038459625287,8.89381603750211,3.74995256825507,3.97991053049493,4.36952992324131,4.82175587587108,5.2506954597983,5.62899325946608
0.382122583957306,9.64553969870836,9.66981773636028,9.67427447826207,9.52988320090897,8.98626198758303,3.79350451991445,4.03151476153016,4.41560404918814,4.90054489342996,5.32671543604113,5.70224221753741
0.399895727397181,9.85969318252636,9.81728858789739,9.77519653447676,9.60860865915211,9.07990034667213,3.84953430381024,4.07870387238229,4.47000899207953,4.98449391339681,5.41888019895589,5.78187914970919
0.417668870837056,10.0420170987254,9.94511686032002,9.86042060839653,9.69083403141012,9.16603912099498,3.92802357192408,4.12418418009122,4.53957537187972,5.07221502238531,5.51745767096755,5.85612457507222
0.43544201427693,10.1805245953533,10.0474632611782,9.94101282527561,9.77948352610069,9.23795867476483,4.0229345674809,4.17868635038892,4.61831269232066,5.16585188070222,5.61813994854561,5.93688737912117
0.453215157716805,10.2824739493224,10.1318692548631,10.0133413538569,9.85923947408723,9.29557146606352,4.11841115374696,4.23711597853396,4.70356949873025,5.26215542764987,5.72655557302431,6.03796981499528
0.47098830115668,10.3526291539642,10.1993995335487,10.073511487181,9.91974481077151,9.35383059876224,4.1979682933095,4.31224297527971,4.79796847958869,5.36053256504241,5.8347831881233,6.154578967161
0.488761444596555,10.3986598314688,10.2529745145451,10.1185198472977,9.96432457355031,9.41606428280519,4.26828180014347,4.40835491942125,4.92758936492071,5.45857523654817,5.94250687373622,6.27049413942531
0.506534588036429,10.4216630500486,10.2904307675375,10.1519303491631,9.99248147313311,9.47632317770299,4.3350614853631,4.51630932902949,5.07233721750148,5.56962896706262,6.05809314331072,6.38223498269044
0.524307731476304,10.4307177414043,10.3138548088435,10.1751075511566,10.010535161043,9.525568871386,4.4026400494828,4.62727523620527,5.21233629357057,5.69973414690491,6.1738678026697,6.49137982580599
0.542080874916179,10.4313361627516,10.3268472603034,10.1929782963965,10.0237746085875,9.56281627732389,4.46726007140158,4.74686068247158,5.35028936644396,5.8397044239008,6.2912485229565,6.59918500408743
0.559854018356054,10.428395621796,10.3344240420761,10.2082670769181,10.0364387897871,9.58802672995705,4.53698594625069,4.88337664103228,5.49827611331098,5.97722862429269,6.42621000951159,6.7022442341137
0.577627161795929,10.4231786635464,10.3362248990408,10.2219643207467,10.0482856056683,9.60873110360519,4.61929675430536,5.04323701636907,5.65068850032984,6.11252830419453,6.56212703927813,6.80584613748375
0.595400305235803,10.4168510710559,10.3339720812382,10.2305953057223,10.0599321308941,9.62787957927234,4.71725674593434,5.21478718102144,5.80507583523176,6.24324760509379,6.68658565687146,6.91215551183502
0.613173448675678,10.4090345781359,10.3281342793866,10.2340986770058,10.0703736916345,9.64537415363212,4.82908674981604,5.396008220102,5.95487308948505,6.38136501563523,6.80177718317452,7.02751599962842
0.630946592115553,10.3998989618801,10.3205478100746,10.2331836309998,10.0773356784304,9.65764709959559,4.9646585196262,5.57893977209433,6.10660049278743,6.52412005262933,6.91774663257114,7.14700611021778
0.648719735555427,10.38976868902,10.3124973255315,10.2300418686637,10.0796143162462,9.66792741966965,5.12981983562527,5.76345506056979,6.26775370993034,6.65923345840792,7.02748648024989,7.26474646976144
0.666492878995302,10.3797447404544,10.3052425899135,10.2253381828264,10.0802186862281,9.67919156888918,5.31872465412352,5.94833987344772,6.44481476483932,6.78220706759269,7.1393900475896,7.37966553585573
0.684266022435177,10.3701013099522,10.2988092350554,10.2204120219555,10.0797963097911,9.69424592097352,5.52431175352189,6.14455309116734,6.62555332107125,6.90840825325353,7.26318309055182,7.50277241394499
0.702039165875051,10.360767122783,10.2928616854023,10.2151704515951,10.0776988870601,9.71042089326558,5.7446999083673,6.35660817314296,6.80714680241777,7.04529306489378,7.3948293328591,7.63135643580501
0.719812309314926,10.3512836213702,10.2863128091169,10.2085788089941,10.0723881403254,9.72583764953465,5.98605252019422,6.58072714575477,6.99300479709752,7.19603167415447,7.52245115301391,7.75700793209484
0.737585452754801,10.3418382926339,10.2786950634811,10.1998651371203,10.0655003729558,9.73775681465553,6.25231289660096,6.81770259538493,7.18178551010806,7.36096386111931,7.64835899027092,7.87068118802389
0.755358596194675,10.3322877766842,10.2695446440174,10.190413857467,10.0583427351531,9.74773039031481,6.55113598808366,7.06548472030261,7.36940313787919,7.5471731392284,7.78068632713233,7.97934824190638
0.77313173963455,10.3224879668407,10.259704165928,10.1813749967454,10.0520935328895,9.75716946336182,6.87964816377168,7.322129598213,7.57714681062049,7.75395271205202,7.93216699057842,8.0876760345677
0.790904883074425,10.3123055709272,10.2500454342956,10.1737106637429,10.0471317851848,9.76898393956567,7.23043522529483,7.59240934101689,7.80632501276537,7.97941503037075,8.09893609628309,8.20839239174786
0.808678026514299,10.3031841777241,10.2419542730445,10.1673666233209,10.0436242699084,9.78139887023483,7.5969287135949,7.87268643970343,8.04753255860183,8.21114884239149,8.27889940625653,8.34688954665761
0.826451169954174,10.2957896281166,10.235955973134,10.1620385218932,10.0402628700036,9.79288478529473,7.97092688518952,8.15896775753088,8.29111387887661,8.43531177002705,8.46170032426016,8.49764695797337
0.844224313394049,10.2896993084406,10.2310536207451,10.1565382279,10.0359369568946,9.8009700007547,8.34980586738198,8.44192979949682,8.53920669763352,8.63792146104538,8.63405933657379,8.64559771729297
0.861997456833924,10.2842323807966,10.2262445584935,10.1512576174418,10.0305106906803,9.80790922191707,8.72118026527997,8.71744743067775,8.78140477975115,8.82052283406234,8.78964600721014,8.78580622846173
0.879770600273798,10.2796881198831,10.2221587047725,10.1474505475794,10.0273663205561,9.8163413829519,9.07189392694011,8.989736284167,9.00507496239185,8.98454493370331,8.94011573912175,8.91558138602847
0.897543743713673,10.2772748103266,10.2202012924012,10.1465266280492,10.0291503318218,9.82980037165485,9.39510671051109,9.25759657835297,9.2011142684424,9.14058809350012,9.08791205423576,9.04588180183346
0.915316887153548,10.2779308775716,10.2213333650857,10.1482371023614,10.0355088432882,9.84762798278078,9.68462799527425,9.50807094527805,9.38214851933018,9.29216080106217,9.22998802786505,9.18109063469148
0.933090030593423,10.2811277598982,10.224741360956,10.1510247633716,10.0442494833153,9.86826431824724,9.92139111381442,9.73355062829344,9.55183893015357,9.44428974378483,9.35831558935143,9.31506754873068
0.950863174033297,10.2844026714923,10.2279938903524,10.1536506468359,10.0530769288528,9.88930101680626,10.1069298223995,9.91998713199586,9.71569692348562,9.58998820009128,9.4865137331769,9.4313425742009
0.968636317473172,10.2851693556307,10.2285979678183,10.1563568650884,10.059363762804,9.90901315788719,10.2378248346989,10.0684988529205,9.86879985039589,9.72499243019015,9.61312834524034,9.53083849378019
0.986409460913047,10.2837865310982,10.227500229804,10.1577719780485,10.0623150226975,9.9246374226438,10.3240760753389,10.1772300403067,10.0048684376486,9.8449770748673,9.73017499969994,9.62025571189812
1.00418260435292,10.2821159643712,10.2252739715779,10.1575052509212,10.0611067777232,9.9370115548965,10.3786018349146,10.2550374893476,10.1141542872564,9.95197956556381,9.83313202350715,9.7090482630034
1.0219557477928,10.2814499035887,10.2228053458354,10.1546447378089,10.0586714941711,9.9461656428029,10.4172846772053,10.3070371229834,10.1999437155099,10.0432350546543,9.92527654123668,9.79761674010796
1.03972889123267,10.2804773035604,10.21998810642,10.1502218175622,10.0555875569263,9.95369441883565,10.4400552337725,10.3438649092358,10.2586398297778,10.1246161561753,10.0033371193295,9.88269721090037
1.05750203467255,10.2771820134625,10.2171288172411,10.1457638282663,10.0528053155591,9.95933998002688,10.4505521439239,10.3687881885833,10.3002579702404,10.197059804252,10.0716474794251,9.95731488343437
1.07527517811242,10.2715672179768,10.2140551167601,10.1430975956436,10.0514196199694,9.96453299557427,10.4512324970373,10.3872983760149,10.3272749313774,10.254911836101,10.1318389450982,10.0256157329946
1.0930483215523,10.2666582280963,10.2112319161967,10.1423020353616,10.0527043523443,9.97089722886788,10.4487558504324,10.3994826472286,10.3445100182908,10.2913607182335,10.188281634083,10.0898246048471
1.11082146499217,10.2631748191483,10.208095386915,10.1421685880554,10.0560629685233,9.98008221232945,10.4463930636651,10.4052780356207,10.3522246495764,10.3142618907395,10.2346497887334,10.1482777359402
1.12859460843204,10.2597234486055,10.20410714731,10.140052713332,10.059302268104,9.99191912915908,10.4449546913978,10.4033775552098,10.3532689895252,10.327716415112,10.2681326365698,10.1951934693378
1.14636775187192,10.2544646538831,10.198931864055,10.1363353916663,10.0601454307125,10.0039139194952,10.4404736864771,10.3978224434935,10.3487173918039,10.3350723885308,10.2886208301447,10.2311779612862
1.16414089531179,10.2471384634331,10.1934105293344,10.1320774189953,10.0597514481653,10.0117910259853,10.431675339549,10.3906014079437,10.34499408367,10.3360856938249,10.3024593943997,10.2556419130296
1.18191403875167,10.238988066048,10.1881420629957,10.1288466271329,10.0583011863343,10.0156978546958,10.4195778448076,10.3825888800996,10.3452850960332,10.3349548857961,10.3109500345767,10.2730161151388
1.19968718219154,10.2318831706662,10.1840976678699,10.1266895183398,10.0566235438987,10.0163962437669,10.4072833629036,10.374004618422,10.3475620302259,10.3333678139723,10.3143843513822,10.2831374919029
1.21746032563142,10.2267943537193,10.1811921238443,10.1249688973299,10.0549554978882,10.0160810276995,10.3954516536481,10.3661447571889,10.3485160719486,10.3309809569432,10.3135227026142,10.2864521349115
1.23523346907129,10.2236751760363,10.1788370729833,10.1227252847958,10.0540032145583,10.0161875124275,10.3842889230658,10.3593189977741,10.3463276682514,10.3276652367881,10.3113276965821,10.2851411415724
1.25300661251117,10.2221863930359,10.1767152208533,10.1202287917246,10.0537782470617,10.0180763484273,10.3744194361518,10.3532721922208,10.3395212353761,10.3239340798553,10.3083102729543,10.2864138420216
1.27077975595104,10.2217909225942,10.175608669645,10.1185603665,10.054570999223,10.0224775978229,10.3661389829165,10.3462534797379,10.3303146935907,10.319014363034,10.3060333497013,10.2905194044202
1.28855289939092,10.2210706168271,10.1754639761846,10.1192224020675,10.0576361485677,10.02933896301,10.3576728660093,10.3377539405658,10.3212238657184,10.3140142069958,10.3044575938964,10.2941597550825
1.30632604283079,10.2187382389389,10.1756401773697,10.1223082264899,10.0637583142401,10.038804209774,10.3497723253346,10.3291868186363,10.314490388887,10.3097142076027,10.3025355668059,10.2940581911761
1.32409918627067,10.2150787383321,10.17516306302,10.1266906027994,10.0721558813787,10.0503774766315,10.3437293580445,10.3219167922108,10.3090314880795,10.305029378359,10.2979402253854,10.2907315002487
1.34187232971054,10.2126816829323,10.1746623771336,10.1309717666494,10.0809179719832,10.0628309138594,10.3400071119693,10.3161444832708,10.303800807848,10.2986075760109,10.2912142842316,10.2851190352755
1.35964547315042,10.2143412030471,10.1757942940122,10.1348295170496,10.08771442168,10.0747758937259,10.3374836305788,10.3117969029423,10.2979867661139,10.2919992452754,10.2843918784731,10.2797941461889
1.37741861659029,10.2192928595079,10.1795431603429,10.1382262138934,10.0927122324049,10.0849909730748,10.3348699292562,10.3083953135813,10.2922097499864,10.2857298524468,10.2785721003235,10.2750362640518
1.39519176003017,10.2243888486785,10.1841572407078,10.1418089905489,10.0971611838896,10.0940531720998,10.3317970232513,10.3057788032535,10.2875898621533,10.2801508762885,10.2730589229711,10.2702108631513
1.41296490347004,10.2276803219603,10.1885873873723,10.1458358043191,10.1030465351032,10.1028956776625,10.3305725763254,10.3043965956332,10.2854199314994,10.2757290750027,10.2680447110761,10.2652414520082
1.43073804690991,10.2297455684996,10.1923651712713,10.1508715176511,10.1110249656681,10.112597886344,10.3324618655164,10.3054741432738,10.2857354734954,10.2730727121372,10.2639811980506,10.2611367268461
1.44851119034979,10.232170685331,10.1956887105636,10.1565334513331,10.1198408249858,10.1224728176045,10.3353878903155,10.3076243795094,10.2867789104311,10.2715469566629,10.2613651301957,10.2580192160919
1.46628433378966,10.2351626952535,10.1982276034889,10.1621449689276,10.1276330814237,10.1317668989303,10.3368512936211,10.3087707700581,10.2864066658022,10.2708145993826,10.2599664590425,10.2558241630969
1.48405747722954,10.2377714815993,10.2000082849058,10.1664130758689,10.1338370138492,10.1394722953536,10.3370377974754,10.3084859552028,10.2857041796649,10.2712248297046,10.2596423455075,10.2539185327903
1.50183062066941,10.2394070181998,10.2008508284461,10.1688327864177,10.13796360447,10.1451914552667,10.3365892228682,10.3083342162458,10.2861167180249,10.2722104360765,10.2596206969541,10.2517557775087
1.51960376410929,10.2398767721927,10.2013239455998,10.1689450480109,10.1401875564824,10.1486413547606,10.3360427927312,10.3085983969904,10.2878543244382,10.2724450265129,10.2597138341398,10.2499336969057
1.53737690754916,10.2387584337421,10.2011047376598,10.1673038733446,10.1395792231762,10.1504744628474,10.3349043173178,10.3087031758052,10.2891527132377,10.2725059195495,10.2598057621753,10.2491572917791
1.55515005098904,10.2365114716421,10.2001114968712,10.1649916188165,10.1369936163509,10.1505402181176,10.333980204853,10.307444207092,10.2890970069342,10.273027609736,10.2603167807729,10.2492393634514
1.57292319442891,10.2342482729578,10.199040754894,10.1634290425791,10.1350498382307,10.1496393939111,10.3331146335383,10.3056291639803,10.2879247755378,10.2741239966323,10.2610554842064,10.2503141085103
1.59069633786879,10.2326338801629,10.1988348124527,10.1634346795348,10.1357828986546,10.1495615184308,10.3317619030261,10.3036390593867,10.2872455748246,10.2747344283593,10.2622389596551,10.2517514192341
1.60846948130866,10.2314903747146,10.199100645695,10.1653435054112,10.1395244235976,10.1521193483852,10.3286505780416,10.3012112729164,10.2867384938796,10.2752641042743,10.2636338101921,10.2530743518628
1.62624262474854,10.2307477775088,10.1991469328699,10.1684124750596,10.1452849426839,10.1576271001369,10.3234426356792,10.2977674926065,10.2858840991447,10.2753678511273,10.2645742436322,10.2533482230091
1.64401576818841,10.2311055938161,10.1986682223721,10.1711203604726,10.1509479612699,10.1646347971288,10.3161052274556,10.2944568264344,10.2843701187743,10.274821288152,10.2643532002007,10.2525033951307
1.66178891162829,10.2332806177828,10.198945107538,10.1722202170474,10.1549146967925,10.170937771475,10.309300803347,10.2924755676218,10.2829692357432,10.2736262900238,10.2639817975436,10.2515620650747
1.67956205506816,10.2371249007262,10.2015451006153,10.1731197379653,10.1568045946228,10.1751228195894,10.3071683998972,10.2923704544576,10.2820737596897,10.2726141305791,10.2636242545593,10.2513061544701
1.69733519850804,10.2418534111805,10.2065448184088,10.1753507507589,10.1576725227001,10.1768670971764,10.3096056700091,10.2937660808294,10.2822810233128,10.2714073686307,10.2628996267489,10.2510858307241
1.71510834194791,10.2463105021141,10.2125118210341,10.1792056994986,10.1585286524718,10.1778573751046,10.313344405715,10.2965245510045,10.2831206712774,10.2699345854289,10.2609932603334,10.2510018591507
1.73288148538778,10.2493310301015,10.2174846823011,10.1835727295959,10.1604446617792,10.179352895294,10.3171824679582,10.2996764072547,10.2842977835033,10.268714390293,10.2590873626698,10.2512082924139
1.75065462882766,10.2508366597827,10.2199314868086,10.1874137953867,10.1636815807289,10.1817192687695,10.3213945886112,10.3021532474904,10.2854385262819,10.2690201876146,10.2585306683305,10.252032000844
1.76842777226753,10.2516447870021,10.2209996960994,10.1906739131997,10.168115040498,10.1848121129792,10.3261432164338,10.3031274510048,10.2864798891754,10.2709923462694,10.2604257235681,10.2536743906481
1.78620091570741,10.2524235976568,10.2229394781769,10.1944687768432,10.1733756470875,10.188489435776,10.3305505866037,10.3040075040849,10.2878060673165,10.2747930299417,10.2652502728671,10.2567057473948
1.80397405914728,10.2534664923187,10.2260929140741,10.1987227819366,10.1791060342176,10.1922115724555,10.3344260825536,10.3067198878987,10.2907499651106,10.280020614772,10.2717266850194,10.2601790659527
1.82174720258716,10.2548074711195,10.2295490973375,10.2028560223375,10.1845438521826,10.1958107083116,10.337457416191,10.3120086038149,10.2954677162114,10.2853837984945,10.2772676775823,10.2634888489196
1.83952034602703,10.2556238482602,10.2330201614047,10.2066462893882,10.1889042494355,10.1989817017786,10.3394154462513,10.3171679932034,10.3005963950877,10.2893299811259,10.2809645989432,10.2661804272665
1.85729348946691,10.254729084603,10.2353536638068,10.2096212517326,10.1915598809945,10.2013829239413,10.3397535071502,10.3199440021333,10.3042023656878,10.2926799144981,10.2831831414705,10.2687305531535
1.87506663290678,10.251698313614,10.2354455412858,10.2108018164929,10.1925009530546,10.2033745539385,10.3387030912494,10.3200937461025,10.307062541821,10.296066207923,10.2854962558599,10.2711740094351
1.89283977634666,10.2477304966202,10.2330077494248,10.2102961024066,10.1919720580332,10.2051281124694,10.3363221227215,10.3189025596344,10.3093384824363,10.2991422832105,10.2879858137619,10.2733742255403
1.91061291978653,10.243433624244,10.2290734993633,10.2084964407695,10.1906858334466,10.2064545204716,10.3334042313424,10.3169929782456,10.3103257747291,10.3004408007694,10.2894963680295,10.274307203131
1.92838606322641,10.2379172191188,10.2239363191101,10.2054218164479,10.1889900047512,10.2071362824535,10.3304869925778,10.3151330231257,10.3084171248665,10.2990985334811,10.2887056061824,10.2739325135375
1.94615920666628,10.2302192707017,10.2174895692164,10.2006003970866,10.1872528908167,10.206395995985,10.3282308849784,10.3131023776846,10.3039407896574,10.2945364483228,10.2854245960843,10.2718824919019
1.96393235010616,10.2211410357751,10.2092557242688,10.1948105950054,10.1851975929838,10.2036398033263,10.3263463732554,10.3106915071871,10.2982598289133,10.2885393759427,10.2796066845885,10.2677452208024
1.98170549354603,10.2117883849123,10.1996584616835,10.1876985670855,10.1820178787322,10.1985687004196,10.3243459464067,10.3079368554101,10.293756234168,10.2826833038818,10.2724486259786,10.2606535072885
1.99947863698591,10.202527776486,10.1890048260015,10.1790754518709,10.1767170104998,10.1929869563516,10.3218205663863,10.305528766219,10.2910732843413,10.277862431985,10.2646786149163,10.2518248190964
