y/D,u (x/D=3.0),u (x/D=3.5),u (x/D=4.0),u (x/D=4.5),u (x/D=5.0),u (x/D=5.5),u (x/D=6.0),u (x/D=6.5),u (x/D=7.0),u (x/D=7.5),u (x/D=8.0)
-1.99947863698591,10.0868883573856,10.0745893331729,10.0639616325441,10.0532146326537,10.0442068987129,10.0415392465609,10.0425018470884,10.0443701079015,10.0464877419891,10.0465529921097,10.0477464033519
-1.98170549354603,10.0876616936299,10.0739151916396,10.0616355217302,10.0526215031559,10.0455013716971,10.0431355668377,10.0461181479676,10.0491257306427,10.0517618542946,10.0507337417168,10.0515765846876
-1.96393235010616,10.0883202998843,10.0732117530954,10.0600719685306,10.0523481568156,10.0469891260234,10.045060061366,10.0493426312778,10.0533937649391,10.0561003166212,10.0547227583216,10.0551193898566
-1.94615920666628,10.0892179419131,10.0727895575648,10.0600566598797,10.052407697094,10.0476861049438,10.0461996727838,10.0519239414604,10.0561667290364,10.0592558738509,10.0583573095534,10.0584292594952
-1.92838606322641,10.0901765699111,10.0731286598919,10.0612938020739,10.05235396987,10.0464980228398,10.0456840820064,10.0526097632734,10.0573921090192,10.0612099799587,10.0615318727759,10.0611525997067
-1.91061291978653,10.0905908532115,10.073849300061,10.0626892354239,10.0513506937139,10.0441983274237,10.0434805923118,10.0508049460692,10.0572278570935,10.0623403981268,10.0636192779993,10.0635817866431
-1.89283977634666,10.0904871734164,10.0743665502924,10.0629670028663,10.0495913611439,10.0421789140501,10.0411099234933,10.0480171517147,10.0566180726837,10.0629175838888,10.0646886218763,10.0658971303512
-1.87506663290678,10.0907283631769,10.0747461116978,10.0618026775777,10.0475934839229,10.041269872781,10.0394875941241,10.0459067209173,10.0556483791122,10.0632103090284,10.0651903317984,10.0684213106539
-1.85729348946691,10.0908530730014,10.0743301339382,10.0591934995834,10.0462901369451,10.0413860938495,10.0392226615939,10.0454033687397,10.0556665102934,10.0639852939213,10.0669295054105,10.0714204264084
-1.83952034602703,10.0895985159156,10.0715724159928,10.0552631883484,10.0457311376547,10.0423088372272,10.0404323096859,10.046718742273,10.0573556412856,10.0661342262806,10.0700390133432,10.0748934423284
-1.82174720258716,10.0863328170917,10.0670304955593,10.0505892692572,10.045194741178,10.0435649400066,10.0428001081989,10.0493822620163,10.0602664816909,10.0691325403218,10.0734133573509,10.0783101804297
-1.80397405914728,10.0824476304849,10.0625362181981,10.0472799411357,10.0439945378783,10.0446377067251,10.0455018494855,10.0527685521757,10.0634238345662,10.0722793537736,10.0760391400632,10.0806683518104
-1.78620091570741,10.0795540759468,10.0604699097264,10.0470189612541,10.043298412302,10.0457325675192,10.0486545744527,10.056651530562,10.0666144670535,10.0748270826638,10.0780761468721,10.0813521650182
-1.76842777226753,10.0782177344398,10.0613975379396,10.0492095933945,10.0442816949031,10.0482667520027,10.0529369794664,10.0613812104839,10.0697614362865,10.0763828722455,10.0791878306542,10.0808546610964
-1.75065462882766,10.0789186073922,10.0642981249369,10.0522701767146,10.0472664442308,10.0526147592172,10.0590545150435,10.0665831243251,10.0734054933819,10.0770324678834,10.0798123507267,10.0798774512435
-1.73288148538778,10.0815072085576,10.0683098306431,10.0562155984723,10.0517726893335,10.058046080347,10.0664679026627,10.0721612870926,10.0782529469678,10.0785942088148,10.0808780038497,10.0794824295372
-1.71510834194791,10.0847299940178,10.0727863649316,10.0612507913921,10.0577192643788,10.0639220384257,10.073928781812,10.0781459753623,10.0836778529684,10.0824766638854,10.0831696063187,10.0804167963633
-1.69733519850804,10.0880402527306,10.0765716193978,10.0671336124012,10.0654499348275,10.0704321104305,10.0796777970445,10.0842221988473,10.0883600011498,10.0873348496243,10.0859844256504,10.0824600912363
-1.67956205506816,10.0914155721952,10.0798976052013,10.0729887939599,10.0735616671727,10.0773282227961,10.0837491270064,10.0890731732008,10.0919820185169,10.0906679901766,10.0883547414179,10.0844362077545
-1.66178891162829,10.0949110161667,10.0832163251808,10.0782768230735,10.0798596930577,10.0831604866343,10.0866615384402,10.0920583355517,10.0940492934016,10.0914977953692,10.0895054017562,10.0857258598749
-1.64401576818841,10.0981298086295,10.0870844284076,10.0828013143406,10.0843555799151,10.0872928059358,10.0894829567034,10.0933437755006,10.0951847682705,10.0906051837094,10.0899320793451,10.0866497090336
-1.62624262474854,10.1010787541128,10.0912277872807,10.0871948228418,10.0875328730177,10.0903898152541,10.0915776687066,10.0945010839833,10.0956130178841,10.0899374139766,10.0900928751918,10.0881067047057
-1.60846948130866,10.1047770748548,10.0955837713462,10.0916295455612,10.090087951148,10.091968891877,10.0928775855059,10.095638634357,10.0958746146323,10.0903304162012,10.0911126098759,10.0900625205118
-1.59069633786879,10.1103512119455,10.1003982892738,10.0955195168366,10.0914697180456,10.0917918487081,10.092921050394,10.0961072345378,10.0959545725279,10.0914757957178,10.0932547032223,10.0920954839068
-1.57292319442891,10.1176967167666,10.105815367309,10.0982214762957,10.0921382836358,10.0905114886048,10.0920996714265,10.0956198190685,10.095814155517,10.0924331295664,10.0954103395288,10.0936003174965
-1.55515005098904,10.1255436007426,10.1111390704699,10.1006541289974,10.0928454828944,10.089940791109,10.090801078669,10.0946357134438,10.0949718303814,10.0927103777155,10.0955967512843,10.0931973758259
-1.53737690754916,10.1323510276877,10.1156019932632,10.1031529240869,10.0942875136557,10.0906830852392,10.0898247823939,10.0931774901232,10.0935169275038,10.0916908324284,10.0937929665165,10.0897413297278
-1.51960376410929,10.1378619456032,10.1185545652218,10.1054294017035,10.0959214285791,10.0917249997488,10.0891964221498,10.0915484954309,10.0911026268995,10.089538575803,10.0900115814063,10.0844798255346
-1.50183062066941,10.142287870305,10.1209765706647,10.1067805079789,10.0973839650616,10.0925304059789,10.0891717342384,10.0894391778862,10.0884840667328,10.0866292437754,10.0854557318261,10.0786995380251
-1.48405747722954,10.1462724105749,10.1232285199721,10.1075480540351,10.0980056176132,10.0932483375985,10.0895748638876,10.0874149715295,10.0862230606322,10.0838929190819,10.0808861672411,10.0737311456181
-1.46628433378966,10.1501739780246,10.1259268973546,10.1086703003805,10.0981134518337,10.0935006829876,10.0900485279933,10.0864323736158,10.0855190164639,10.0815642328657,10.0772351092491,10.0703623300452
-1.44851119034979,10.1541522826167,10.1289078697675,10.1107781703635,10.098300888167,10.0933701742859,10.0899832379872,10.0868788612689,10.0860045346334,10.0792340761385,10.0746777196085,10.0688388180179
-1.43073804690991,10.1573871630398,10.1318698101831,10.1131045220584,10.0996000137272,10.0929231680709,10.0897340041233,10.0876568454168,10.0859173669535,10.0763697261934,10.0726505055758,10.0683864524667
-1.41296490347004,10.1589934395199,10.1337773893477,10.114906038681,10.1014681088177,10.0925061290278,10.0892533256462,10.0876826511556,10.0829672910812,10.072997621859,10.0690359762991,10.067083854515
-1.39519176003017,10.1578163066194,10.134327571669,10.1152633848433,10.1025372775876,10.0922948767577,10.0884910974128,10.0861066481337,10.0774095917023,10.0680573247217,10.0632075534121,10.0628860133205
-1.37741861659029,10.1545495803748,10.1327946275656,10.114436978585,10.1022639845149,10.0922805178864,10.0866167602395,10.082913365279,10.0702452191982,10.0610481721258,10.0549918166762,10.0551027283962
-1.35964547315042,10.1501792416419,10.1301232812723,10.1129845297912,10.1016349761607,10.0917786310934,10.0838058520909,10.0777773372217,10.0632950344338,10.0519045713889,10.0463182118104,10.0433890382307
-1.34187232971054,10.1463831401169,10.127320074511,10.1117819335521,10.1003594288096,10.0906932362257,10.0806564493112,10.0725324450109,10.0564861947644,10.0422825193615,10.0381593937339,10.029400554322
-1.32409918627067,10.1438199535507,10.1254984275084,10.110499408542,10.0982846370533,10.0884643837191,10.0780442433795,10.0677195390015,10.0493128719437,10.0339004864542,10.0305248350101,10.0150086159737
-1.30632604283079,10.1419375956711,10.1242666636778,10.1086480395492,10.0948324014571,10.0848222386761,10.0747785758485,10.0628442813057,10.0423771931347,10.0278937343495,10.0215649042856,10.0022875939876
-1.28855289939092,10.1395014171961,10.1224590101074,10.1054218821424,10.09023159794,10.0788636653458,10.0693695571205,10.0569313889802,10.0371106251168,10.0234192260673,10.0108929677584,9.99087676373365
-1.27077975595104,10.1356150175958,10.1183023685935,10.1007615205104,10.084097605417,10.0712580931738,10.0613045087508,10.0504636565746,10.0327716622252,10.01876300067,9.99893608524818,9.97978399711773
-1.25300661251117,10.1294961599486,10.1120839332937,10.0945660982921,10.0777539881138,10.0639638151308,10.0538957443288,10.0443748697608,10.0279300268701,10.0123154911514,9.98793380405288,9.97037269191543
-1.23523346907129,10.1218940395212,10.1043438870517,10.0877349100207,10.0722115726609,10.0587106473945,10.0486014867885,10.0398903564656,10.0221532645172,10.0043287194571,9.97848194986187,9.96403221166176
-1.21746032563142,10.113059107141,10.0961640782452,10.0806859047672,10.0678356074342,10.0548315558225,10.0444955354802,10.0365182450131,10.0173962182502,9.99453931392598,9.97053115353695,9.95983117276528
-1.19968718219154,10.1032282084946,10.086713847763,10.0738612560908,10.0636325766925,10.0515998845711,10.0405714728341,10.0331235271835,10.0135536724427,9.98368599307202,9.96381874157445,9.95585815995939
-1.18191403875167,10.0926645076103,10.0760158782921,10.0669896095513,10.0594055080612,10.0493634226122,10.037291922325,10.0293074175755,10.0085591517871,9.97309721052225,9.95794634326464,9.94960121692212
-1.16414089531179,10.0828882507233,10.0653696966667,10.0609329165856,10.0558424030768,10.0489658239906,10.0351495285027,10.0253232051775,10.0003136195761,9.96319881986927,9.95108634376664,9.94120163477533
-1.14636775187192,10.075856448437,10.0574056392128,10.056719136946,10.0537711405945,10.0491426512602,10.0342936492866,10.0196617522709,9.98873006828977,9.9513712451342,9.9433259908573,9.93199749010701
-1.12859460843204,10.073298808024,10.0541857439531,10.0541580206343,10.0518089728574,10.0478206177183,10.0324037158497,10.0112321373837,9.97241619103725,9.93813422412421,9.93355678103063,9.92303183368092
-1.11082146499217,10.0761252368438,10.0555413933044,10.0521253189126,10.0491062882551,10.0424489082143,10.0261834038204,9.99868881762031,9.95217925886043,9.92425842021826,9.92314526362735,9.9125999605693
-1.09304832155229,10.0824011151278,10.0599912401488,10.0507248459949,10.044231000918,10.0335438331308,10.015482506521,9.98309313431215,9.92875134338165,9.91114564816297,9.91257243192792,9.89990090071702
-1.07527517811242,10.0888501345076,10.0651442834303,10.0503564990454,10.0370096140188,10.0211965272815,10.0020854564537,9.96342628084094,9.9050454736689,9.89820547495357,9.90115745933601,9.8835591272178
-1.05750203467255,10.0932015176172,10.0690253385106,10.0502494151255,10.026840616094,10.0071965569157,9.98405757284216,9.93966025005704,9.88220154515832,9.88477933821703,9.88535288436919,9.86480618062627
-1.03972889123267,10.0959607410072,10.0719382190808,10.0478368260612,10.0146849074766,9.99023931290708,9.9597462302847,9.90907239798253,9.86189633409634,9.86575594328367,9.86497293728791,9.84248037924802
-1.0219557477928,10.0990438856129,10.073661634687,10.0420606145384,10.0012594351169,9.96913071891695,9.9267066763811,9.87252652985222,9.84059739608801,9.84096007233241,9.84115622111234,9.81704969226536
-1.00418260435292,10.1030489936745,10.074001357484,10.033602560821,9.98782810407005,9.94060258157059,9.88786156439676,9.82978525225598,9.8150902532856,9.81204076884258,9.81600105391531,9.78813779207045
-0.986409460913047,10.1072148778074,10.0715412677551,10.0249545692024,9.97102361110682,9.90489986875631,9.8458227016895,9.78636859334092,9.78131832641325,9.78118187551793,9.78699898355379,9.75851635443536
-0.968636317473172,10.1088020562536,10.0652347992008,10.0148780895467,9.94721114602335,9.86404120355258,9.80392202587013,9.74518013710174,9.74119188443937,9.7479647518092,9.75465966739245,9.72816567616701
-0.950863174033297,10.1061273268816,10.0532974910608,9.99963276227281,9.91487569219408,9.82228638328091,9.76121094077819,9.70490184864977,9.69829405458446,9.714737553771,9.72018257867565,9.69586671138658
-0.933090030593423,10.0977994485733,10.0352655868385,9.97174272207656,9.87692158612518,9.77852956238336,9.71890499120121,9.66271635095013,9.65805833198028,9.680570308815,9.6863691564099,9.65571958092311
-0.915316887153548,10.0839423557089,10.0098009187284,9.93177974538733,9.83338392543827,9.73232193647654,9.6752390184474,9.62074476203568,9.61712613021361,9.64561635225609,9.65112090188583,9.60992278914979
-0.897543743713673,10.0610882098869,9.9773945353648,9.88471568268354,9.78527894618857,9.68140952028582,9.62766741749994,9.57682831139835,9.57468303598937,9.60859915770037,9.61264760827235,9.56465465037901
-0.879770600273798,10.0294625863975,9.93715866201567,9.83380033947329,9.73038026870551,9.62962277365991,9.57212466826019,9.53011783958498,9.53066723704394,9.56895835254055,9.56783471521378,9.52510635538689
-0.861997456833924,9.98728280224906,9.89061392170051,9.77521032111706,9.66935929589599,9.5754504761154,9.5125054822192,9.4764869444301,9.48800346199671,9.52172083866688,9.51619314495055,9.48247596159772
-0.844224313394049,9.9362323426247,9.83446014122773,9.70836541632762,9.60167086438579,9.51675296181814,9.45216114254874,9.42090632300047,9.44736080054214,9.46954872021514,9.45953457489356,9.43481770656818
-0.826451169954174,9.87571037864453,9.76420722797204,9.62988336877751,9.52941204504384,9.45051174636417,9.38855827561313,9.36709082489718,9.40978065410268,9.41300442281615,9.40455722914287,9.38345737093291
-0.8086780265143,9.81009921376804,9.67383947972264,9.54567007791583,9.45169026014167,9.37854118378285,9.31641683315063,9.32038912006097,9.37218922749146,9.3578613372425,9.35323416963036,9.33412222684808
-0.790904883074425,9.73293776496349,9.57363019522762,9.4547101721398,9.37028079047071,9.29944055956714,9.24429956025418,9.27863992490547,9.32884852974545,9.30625125518745,9.30307407502159,9.28543549850466
-0.77313173963455,9.64408723320206,9.47660410468148,9.36155654262042,9.28357417480961,9.22021549672006,9.18120019455822,9.23608697346732,9.27070013399024,9.25819758817919,9.24689843025456,9.2365817936015
-0.755358596194675,9.5430866981384,9.38441738917395,9.26859158818851,9.19383560178916,9.14107047059444,9.12955120628633,9.18343482255449,9.20104030506261,9.20187644590306,9.18770283225756,9.182740833126
-0.737585452754801,9.43263606248783,9.29102540701576,9.17911260890815,9.10105365969553,9.06455952225844,9.08187610564939,9.12198819036194,9.12285423763873,9.1332794098266,9.12466608003091,9.12347908862469
-0.719812309314926,9.31340570032796,9.19524075844538,9.08605586702528,9.00749255551196,8.98908594871447,9.03036086618225,9.04783233742675,9.03909677883489,9.04956011255196,9.05705723750406,9.0538005169159
-0.702039165875051,9.18919714126618,9.09014069126253,8.99045131753743,8.91272611961248,8.92212997886737,8.96246493977121,8.9622149121652,8.95122061314215,8.96197948789692,8.98224459137866,8.97856966518294
-0.684266022435176,9.04776172358487,8.97438618412709,8.89103253514773,8.82144854802661,8.85607367967403,8.88263622495673,8.86623498449273,8.86794672812867,8.87798584860454,8.90283800903384,8.89961754888875
-0.666492878995302,8.89470309664549,8.850217290892,8.78624228452608,8.73283615121997,8.78729749852646,8.79322986683475,8.77414719450392,8.79043112210217,8.80174069960386,8.82163615077648,8.82011719280123
-0.648719735555427,8.73556044849258,8.71807925048118,8.66685706456776,8.64721069028518,8.71236515364699,8.70040032915133,8.69003289025948,8.71273786766386,8.72718312177922,8.74349168420511,8.73863556510773
-0.630946592115552,8.57178188117057,8.57153945878141,8.54635815914134,8.56106310250441,8.63110468549787,8.6076971576559,8.61437872249022,8.63090203128374,8.65566972283982,8.66705565876,8.66294702297406
-0.613173448675678,8.39379149223213,8.42056003227666,8.43032735626188,8.47141021941315,8.53603607448028,8.51485897753844,8.54266753124975,8.54947024167911,8.58625800193438,8.59517876273173,8.59952499194702
-0.595400305235803,8.21091274597798,8.27529463664188,8.31405593870784,8.37491392934183,8.43360985437927,8.41550539532609,8.47267618918031,8.46857618746402,8.52084531775432,8.52690644779553,8.54782281136925
-0.577627161795928,8.02611620551554,8.14247789575211,8.19070255915624,8.27558543865474,8.3299245757794,8.31823973689389,8.39292377313052,8.38853732749475,8.45490296221349,8.46258100991968,8.49622904778275
-0.559854018356054,7.84900384000852,8.01246346937973,8.0662363947879,8.16806689831065,8.23144467886602,8.23124988764881,8.30112224905734,8.30800578170868,8.38801180790393,8.40270373065199,8.44428542070651
-0.542080874916179,7.67801617636781,7.87158895903136,7.93892502738132,8.0525836357733,8.12544481106761,8.1430971799165,8.19296433550337,8.22794762417765,8.31678659648605,8.34949830213534,8.39188229418565
-0.524307731476304,7.5163048470644,7.71000424435804,7.81091030933794,7.92642832522913,8.01121914583338,8.03803387002593,8.08298901052575,8.14537912961473,8.24342960328334,8.3019806428866,8.3422053904669
-0.506534588036429,7.34134972202093,7.53063505719522,7.67628787281772,7.7929753577119,7.89024818584987,7.92127254702603,7.9741083064858,8.06451772824297,8.16238944443723,8.25605465436507,8.29200230053286
-0.488761444596555,7.15507231340886,7.35009545833552,7.53275954428051,7.65845522576627,7.76990170841715,7.80348562425871,7.87382847083732,7.9825853033413,8.08181079224535,8.20159619342241,8.24237517916551
-0.47098830115668,6.95699233437217,7.17670947875378,7.37684223404442,7.53239715063787,7.64388308938631,7.6947161134199,7.78505991330154,7.90176098195231,8.01249811608012,8.14130361972484,8.19755364134664
-0.453215157716805,6.75392666374641,7.01139544758297,7.23007274231879,7.40262465893909,7.51482170298644,7.59800227770213,7.70729471052382,7.82557949159956,7.95544035165634,8.07997340845748,8.16596361401221
-0.435442014276931,6.54676509240789,6.85126450958209,7.08725158064204,7.26346444641568,7.38871914619296,7.51562539863081,7.63537320324523,7.75928262575705,7.9014535073148,8.02234355400317,8.13328812702171
-0.417668870837056,6.34731578895359,6.68770038716042,6.94453640001187,7.11787556040983,7.28204335289206,7.44320456720817,7.57085134973568,7.70210099737305,7.8457210743847,7.96830687877069,8.08745827050517
-0.399895727397181,6.14514065732889,6.52463255288086,6.79489974005205,6.98069135529353,7.18850415175833,7.37457852565451,7.51150435021639,7.64868399951162,7.78344341362514,7.91510555460343,8.02714258239027
-0.382122583957306,5.93492761787173,6.36381601927144,6.65069028849298,6.85683380550884,7.09805916391978,7.30501356879458,7.45595103537933,7.59774739299869,7.7209694439214,7.85656160605962,7.9618778610585
-0.364349440517432,5.71554313819333,6.19873480786557,6.51739773447342,6.74391967384096,7.00725167352026,7.23558798046103,7.39798957598139,7.55329681702463,7.66193709597217,7.79109924563565,7.89417438949416
-0.346576297077557,5.51069556028955,6.03295408314352,6.39334708079457,6.63832767395292,6.92410144421815,7.16703356208921,7.34449155713115,7.5021426160413,7.60994891598636,7.72096113109257,7.83225568992117
-0.328803153637682,5.32276028999494,5.88174371252913,6.27289387587874,6.54430946582843,6.8468733970549,7.1020265699884,7.29114735949303,7.44067497367038,7.5588979330362,7.65873455669594,7.78122849096057
-0.311030010197807,5.16453570375919,5.74821289976368,6.16311515041052,6.4661412378289,6.77707405658158,7.03718250810212,7.23378986750406,7.37618401480407,7.51296215327786,7.61130176710968,7.73970042483136
-0.293256866757933,5.04291051389185,5.6272492946729,6.05854127180737,6.39247113704454,6.70523410644086,6.97494763149427,7.17151942269361,7.32147530074455,7.47112826208289,7.57635100924054,7.69465298075469
-0.275483723318058,4.95031856602944,5.51537259534984,5.95837460440466,6.3161266707913,6.63128048312799,6.91642180352435,7.1158901260616,7.28151915012246,7.43112101223346,7.54711299892858,7.64611104722153
-0.257710579878183,4.86938553176442,5.4162229490405,5.8625404454929,6.23990553192537,6.55436513480001,6.85823832910411,7.06508243200516,7.25001049337082,7.38913896705049,7.51846727813931,7.60073233418518
-0.239937436438309,4.79834644728579,5.32199587999847,5.7843748694567,6.16874830011579,6.48827427722617,6.79667371837732,7.01924321294869,7.21415842981862,7.35233791451303,7.48502500526993,7.56748262150098
-0.222164292998434,4.74004227128114,5.2255365974388,5.71832353120023,6.11136813243173,6.43089025880606,6.73749281510896,6.97879256205892,7.17706375174452,7.32345725189804,7.44893873137248,7.54788794769393
-0.204391149558559,4.686679577517,5.13130530171952,5.64626284893821,6.0688363228986,6.37704453901222,6.69149971382817,6.94208160557378,7.14475752952534,7.30289703192458,7.419630015945,7.54314400486377
-0.186618006118684,4.63299516555444,5.05381237418554,5.56776368393557,6.03147871322644,6.32737044928521,6.66182193740702,6.90284489651754,7.11986654293782,7.28509960079254,7.39770832521743,7.54400518572057
-0.16884486267881,4.59168060196681,4.99644588945669,5.50839296180057,5.98896090254708,6.29433544811687,6.63710495833398,6.87150898024701,7.09942203334971,7.26710676628604,7.38002130562374,7.53647031135185
-0.151071719238935,4.56683391405895,4.9558605362946,5.46806033602138,5.94870748293721,6.27918120161951,6.61535328071654,6.85730011099108,7.08005012238757,7.24614607329903,7.36371269365392,7.52585028262738
-0.13329857579906,4.56020527075482,4.91966628907363,5.43767919149993,5.90997716672066,6.27492756620299,6.60057308071221,6.85355756347833,7.06108898101899,7.22556488955447,7.35083109975817,7.52290597398948
-0.115525432359186,4.57446413024668,4.88132444970135,5.40893080410039,5.87148661258257,6.27213831048148,6.58931245747327,6.84370826909881,7.04316706314557,7.20844861706375,7.34679282130321,7.52641542756457
-0.0977522889193109,4.59833613502212,4.85710371193249,5.386339184771,5.83650817671124,6.26352181237171,6.57534213509919,6.82772375712239,7.02900347613044,7.20201857799096,7.35397369916218,7.5308515545631
-0.0799791454794362,4.61546718138858,4.85372739330681,5.36906408106532,5.81224016223462,6.24298254143517,6.55227518962273,6.80759076609126,7.02555361696335,7.2033586433111,7.36661489341125,7.53205150834047
-0.0622060020395615,4.62778548825446,4.86725743468349,5.36825846900129,5.80017253833441,6.22109801371987,6.51860832912543,6.79500871655415,7.02898011877438,7.20998449959025,7.37630278408934,7.53489106852237
-0.0444328585996868,4.63685956338491,4.89526807304243,5.37374138357316,5.80302923351048,6.21016523278079,6.49154831663244,6.79743945240218,7.04307449396679,7.22146148004488,7.39232981721546,7.54204267874799
-0.026659715159812,4.65077256771248,4.93233958299864,5.38076389782192,5.81961571049707,6.21005377567815,6.49158283255446,6.81631712396742,7.07202704862576,7.24167497138982,7.42086548541934,7.55771295500163
-0.00888657171993735,4.67298670793559,4.97142043853891,5.38458042998757,5.84775681144056,6.21167153223737,6.51045991814716,6.84405065624551,7.10980598562497,7.27074427470727,7.45543846679202,7.57853982932246
0.00888657171993735,4.70548259385849,5.00555044417235,5.3943426608571,5.88013349169994,6.22882358960233,6.5380498877541,6.8800812557406,7.14568733923462,7.30853358472821,7.48645936920463,7.60239273402433
0.026659715159812,4.73745735429251,5.02911148884227,5.41846798492911,5.91433017209987,6.2559659462408,6.57193087830083,6.91039178170074,7.17612076465467,7.34382347226897,7.50899724235354,7.62726856467239
0.0444328585996868,4.7701871203967,5.05475083391512,5.46047925821434,5.9578629930547,6.28927984632438,6.60897425387926,6.92828714173075,7.20216680906848,7.368332336051,7.52541038671161,7.65588084721569
0.0622060020395615,4.81373819173976,5.10424292302944,5.51419837769908,6.01045056932228,6.32713994735514,6.64604285078598,6.94419547500321,7.22915729165232,7.39115591109683,7.54439897347596,7.68853741820479
0.0799791454794362,4.87166134694298,5.17269864735186,5.5754437729947,6.05679689154086,6.37548958195723,6.68497161110078,6.97407500618496,7.26815193505209,7.42476673998858,7.57094448300078,7.7235768326039
0.0977522889193109,4.94139938611383,5.25279265446585,5.63845626075917,6.09510653102813,6.43974635727907,6.73569123574508,7.02161834609631,7.31777392553822,7.46248459228651,7.60692452834449,7.75706704283071
0.115525432359186,5.02388558887021,5.33767398105701,5.71461099815183,6.14734612937989,6.51955933123192,6.80453822345662,7.08530348627485,7.36460204245727,7.50396989226732,7.65137549684656,7.79374229417061
0.13329857579906,5.11257960522018,5.42288619120297,5.81025050928426,6.21653053774079,6.6063456363438,6.87921327064429,7.15564501171529,7.40071718645226,7.55145992651241,7.69868228728119,7.83841866768053
0.151071719238935,5.20314477876292,5.51328748862197,5.91972023788951,6.29591145803194,6.68359750920316,6.94700489159903,7.22044969748082,7.43325578397889,7.60486223932668,7.74414687410554,7.89058444107571
0.16884486267881,5.30179888702505,5.61537507165757,6.03453871000932,6.38062840588646,6.74989837598153,7.01267268533013,7.2816163170719,7.46986345261753,7.65847248930439,7.7885200656943,7.94267273128374
0.186618006118684,5.41920496653835,5.72725318199604,6.15071678105742,6.47784375442933,6.82120843574299,7.08483067897659,7.34803318245376,7.51308242013696,7.70863884496986,7.83563388658842,7.98846672720458
0.204391149558559,5.55195047742249,5.84384014178442,6.25902605209972,6.59374305098183,6.90764539919881,7.16647044491375,7.4203931685342,7.56052865234798,7.74859845347824,7.88486375298704,8.02491307010363
0.222164292998434,5.69580170114467,5.97341832749913,6.37383374109131,6.71767723492457,7.01119520240916,7.25867151956353,7.49548410174335,7.61013725609683,7.78145316446526,7.93551078530639,8.05727124440935
0.239937436438308,5.84509228446916,6.11586631390421,6.50266523522705,6.83328405454891,7.12522558762939,7.35564153435394,7.56764246380131,7.66340290223661,7.81867260743352,7.98584033351837,8.09050042359655
0.257710579878184,6.00300024829574,6.26666980101672,6.63508388082656,6.94425621333854,7.24566996827716,7.45472399127991,7.63370100545932,7.72317984947985,7.87002878926899,8.03513471754973,8.12980830348148
0.275483723318058,6.16360142007625,6.41912612457297,6.76208812932094,7.05697131347874,7.36823266142317,7.55283747790966,7.69152195822892,7.79275484218045,7.92931606485421,8.08543985644004,8.17737494610224
0.293256866757933,6.31344936001224,6.57284286941081,6.88558046005436,7.1758505784274,7.48569133748074,7.64465345722983,7.75064198656118,7.87561384527738,7.98876508217745,8.13691509330273,8.23289156942957
0.311030010197808,6.44642785766713,6.72017564452594,7.00629556241313,7.30219294965211,7.59008263471461,7.72223194287267,7.82041780208618,7.965429821332,8.04912560567533,8.18529713077942,8.29193364846141
0.328803153637682,6.56538457936551,6.85622521527543,7.12531593834668,7.43404230315466,7.68161424020182,7.7881723181124,7.89620258371048,8.05069183449319,8.1152097798935,8.23517767067165,8.3494594365162
0.346576297077557,6.67875353755018,6.98562493043372,7.24163466129149,7.55501362837991,7.76410219906518,7.85367182767554,7.97001124215557,8.13026207838336,8.18935570019984,8.29670961578872,8.40212913279486
0.364349440517432,6.80029543531486,7.11121473536843,7.35816734068036,7.65453563703235,7.84631555439312,7.93150587383497,8.03921839561698,8.20598713519995,8.27112109984286,8.36822919226626,8.45016778569181
0.382122583957306,6.9383739929718,7.23298273206812,7.47054734815691,7.74156490516184,7.93200150121499,8.02323120145511,8.10587086669464,8.27592237495371,8.35521320639944,8.44029212846108,8.49650468372881
0.399895727397181,7.09004026790049,7.35283898454095,7.57869819750491,7.8349166212736,8.01851817146846,8.12094022019253,8.18078920859753,8.34371564203354,8.43826134885941,8.51050750916167,8.54627413609684
0.417668870837056,7.24511395136573,7.47215161756482,7.68588760583847,7.93215640571872,8.10536482623186,8.21492353499607,8.26711355036653,8.41444406451632,8.51819012777329,8.57660867653362,8.59605355030938
0.43544201427693,7.40080816074726,7.60070014113708,7.79756721766885,8.02865622971125,8.19025533944052,8.3028691655488,8.35413550706566,8.48866690344425,8.59148682917672,8.63579444869537,8.64194352200727
0.453215157716805,7.55309085823374,7.73139666361198,7.91376120720814,8.12148583942868,8.27252668064824,8.38016536462576,8.43706328338545,8.55585459151671,8.65138139634616,8.68468934533269,8.68377821568401
0.47098830115668,7.70243043612118,7.85522989703731,8.02872728601781,8.20964244383813,8.35345732361768,8.44532198659295,8.51365198730762,8.61272111348215,8.69983367628681,8.72387273745947,8.72440773871466
0.488761444596555,7.85319478883967,7.97971198782735,8.13957818170428,8.29116560170552,8.42997344938378,8.5003795219856,8.58262454355244,8.66403090237549,8.74345783672709,8.75780032372874,8.76676205411161
0.506534588036429,7.99981260932226,8.10645428628711,8.24652451433912,8.37226614411202,8.50203073655516,8.55536749997525,8.64457210608082,8.71443632606877,8.78408101672406,8.79672513600624,8.81279508866188
0.524307731476304,8.1353985287005,8.22660712553545,8.34896238831896,8.45347925547245,8.57332668779031,8.6167791478298,8.70080912932601,8.7612242128413,8.82749902601742,8.84138100542374,8.85844009957304
0.542080874916179,8.26286440546267,8.3385319274464,8.44574471171,8.53479506662138,8.64538280229016,8.6871308581097,8.75546888877815,8.80395265507386,8.87753860051737,8.89112859682588,8.90280998742519
0.559854018356054,8.39017947711933,8.44705815068345,8.53526653156332,8.61235657368317,8.71981086216798,8.75910515960561,8.81158597700782,8.84677426329362,8.92758370167729,8.94373002559516,8.94866033430234
0.577627161795929,8.52222394775791,8.56087658220645,8.62146893065858,8.69096737049972,8.79436959639959,8.83127557661419,8.86703832195129,8.89741073712946,8.96913321299005,8.99594743692937,8.99779510850806
0.595400305235803,8.65651989341042,8.67773313213687,8.71135682820823,8.77563952441547,8.8681484185802,8.90296956375347,8.91970793141936,8.9535519878047,9.00611309317961,9.04443347206161,9.04886467609018
0.613173448675678,8.79047840247659,8.79475008073106,8.80727530134381,8.86674328518919,8.94247321297688,8.97366154692293,8.96900351325852,9.00922669421838,9.05031393258131,9.09304574621264,9.09558092508248
0.630946592115553,8.92856303669431,8.91011496757469,8.91149819018308,8.95678287607903,9.01517511717262,9.03816413309174,9.01833649309198,9.06420986611746,9.09947031970319,9.14015343896369,9.13372311753065
0.648719735555427,9.06736485852128,9.02436098457738,9.02358911558285,9.04603469968501,9.08374598875293,9.0954078695078,9.07411521037995,9.12248393159993,9.15120220907278,9.18511027096714,9.16916068712615
0.666492878995302,9.19722124299926,9.13594841239473,9.13328479799204,9.13456588306726,9.15522244295934,9.14672731589674,9.13907342076096,9.183850273748,9.20659367370453,9.22738148718356,9.21098680744453
0.684266022435177,9.31618779120768,9.24442767034061,9.2311666058714,9.2193619617857,9.23207334552794,9.1987811730283,9.20657764148812,9.24725634621677,9.26407471586494,9.26774015163682,9.25917030625474
0.702039165875051,9.43208868250463,9.34477168051501,9.31746870589098,9.29641740025555,9.3056388648827,9.25839403863581,9.270076032181,9.30916080881841,9.31945219639755,9.30569188500515,9.30738006154849
0.719812309314926,9.54776002414707,9.43711805960266,9.39747198595686,9.36565133480917,9.36779694568407,9.32844389081115,9.32767103554815,9.36568801491793,9.36873139377873,9.34475081397868,9.34928935878678
0.737585452754801,9.6561332517339,9.52001102110757,9.47278857963931,9.42458432941302,9.41966997088931,9.40135834729124,9.38282080554812,9.41247945921645,9.41351687719103,9.38476265534535,9.38408218035726
0.755358596194675,9.74949834415502,9.59799635133409,9.53941600548017,9.48160828812914,9.46799749019524,9.46762279529722,9.43862655616778,9.4546928243795,9.45428524539356,9.42238592200175,9.41421446849457
0.77313173963455,9.82881439960344,9.6671706197079,9.59495427840347,9.54425594578899,9.51653716174093,9.52057320771202,9.49186337165597,9.49304971754422,9.4903937722858,9.45794644019933,9.44342180412545
0.790904883074425,9.89714186784086,9.72870270745632,9.64547258661826,9.60818715724195,9.56312449804216,9.56378789347244,9.5374377917631,9.52938643194449,9.52376232032999,9.49611578041825,9.475755401501
0.808678026514299,9.95536996273918,9.78384469447746,9.69811903362682,9.66501703971552,9.60973551448359,9.59811178763056,9.57616150378848,9.5627327764036,9.55804571047881,9.5370231636971,9.51283703633374
0.826451169954174,10.0016240742852,9.83553925393797,9.74954650326211,9.71541631014551,9.65890246516558,9.63332514868026,9.61057740076106,9.59490669238283,9.5951664332587,9.58087700156669,9.55303081108497
0.844224313394049,10.0375853775996,9.88348982365131,9.79749594787734,9.75872715555537,9.7080869796124,9.67399370427003,9.64435340573845,9.62766066006763,9.63342157948146,9.62544548384949,9.59570254609117
0.861997456833924,10.0674723052767,9.9295739792559,9.84479162317326,9.79757213109935,9.75495276480515,9.71680933403601,9.68050468380105,9.66077654052855,9.66878675292871,9.66819928054387,9.63937733444555
0.879770600273798,10.0927698483256,9.9715511721198,9.89112217546067,9.83216459280397,9.80076485131108,9.75544457990237,9.71608185081974,9.69256072305378,9.70170392786325,9.70653797206905,9.68096037850945
0.897543743713673,10.1118940805642,10.0084854621761,9.93216836392479,9.86734063695971,9.84371661652256,9.7902955367615,9.74845090943209,9.72635765329782,9.73422690822888,9.74015441875604,9.7167511904616
0.915316887153548,10.1268361775715,10.0399989279609,9.96950794600887,9.90484474059528,9.87949407105235,9.82219885800788,9.77942409414653,9.76241673175848,9.7646353831151,9.76663869440824,9.7473635406463
0.933090030593423,10.1393634527783,10.0687814824431,10.0030937154969,9.94165252860303,9.90564348698057,9.85529468884111,9.81053780357578,9.79930677644985,9.79227513943717,9.78956437504131,9.77454777065619
0.950863174033297,10.1489707983657,10.0935833310835,10.0315728463557,9.97343087389232,9.92784991652063,9.89003976380487,9.84304796983294,9.83413079694876,9.81919856005379,9.81129669374771,9.80104278186107
0.968636317473172,10.1551259371979,10.1133440956815,10.0547454597471,10.0008616158384,9.95138019629713,9.92238971518451,9.8762989549006,9.86592240355368,9.84704284209095,9.83486891556822,9.82778033254117
0.986409460913047,10.1600279935547,10.1264924759588,10.0745487552945,10.0237438290935,9.97637027277303,9.94826427876877,9.90703479748856,9.89220238940303,9.87509227732303,9.86016062284375,9.85407836047986
1.00418260435292,10.1643957961137,10.1347634627407,10.0904292497276,10.0434167127397,10.0007482006054,9.96893080730875,9.9328797589688,9.91340984837831,9.89927796162596,9.8855583917295,9.87818103390558
1.0219557477928,10.1678927216717,10.1393014660587,10.102142035113,10.0595843722745,10.0218462617382,9.98460733270795,9.95435274971434,9.93033022922148,9.91826858713903,9.90811191237561,9.90039868443763
1.03972889123267,10.1696391382101,10.142145182029,10.1106647293465,10.073803090603,10.0361222638118,9.99777214492227,9.97119731963451,9.94634958918304,9.93314658017102,9.92828595577242,9.92094337012786
1.05750203467255,10.169477322205,10.1439565706136,10.1176540459892,10.0852045178731,10.0449502267004,10.0099303378158,9.98520408213399,9.96339346347456,9.94790568699897,9.94606478645571,9.93869433795425
1.07527517811242,10.167486119492,10.1453992224545,10.1224871036514,10.0931125256478,10.0535287610873,10.023452944605,9.99859324854305,9.98243053746365,9.96355509763159,9.96147353430652,9.95237699975719
1.0930483215523,10.1641718171969,10.1453561986391,10.1243675982941,10.0973717741139,10.0650456633924,10.0389922049421,10.0135184948037,10.0005530173104,9.9799744998068,9.97381252840288,9.96391930823988
1.11082146499217,10.1595516462229,10.1428338070886,10.1229360385533,10.0995317348806,10.0779464649397,10.0552562746747,10.0293181560461,10.015647737103,9.99715231626345,9.9851391578175,9.97472749886465
1.12859460843204,10.153486076512,10.1376204757804,10.1199444024298,10.1003765275441,10.089460504664,10.0692360511717,10.0439854505177,10.0272473991443,10.0147208965532,9.99708053672448,9.98579536094773
1.14636775187192,10.1453463763835,10.1318263047095,10.1169968185063,10.1020556598219,10.0965517921505,10.0795606220885,10.0566571632097,10.0384348397266,10.0298137696987,10.0115352016821,9.99784308702973
1.16414089531179,10.1358877409692,10.1253976059724,10.1143667971677,10.1050709563505,10.0990378204485,10.0849081467778,10.0672087553719,10.0490475897302,10.0416966434421,10.0280823543694,10.0118172582324
1.18191403875167,10.126234767668,10.1187275023989,10.1118084531002,10.1083698391469,10.0982410623248,10.0874911229949,10.0742419002634,10.058471351347,10.0509063421139,10.0434725745839,10.0256989682185
1.19968718219154,10.1184361335701,10.1128340571662,10.1098353386251,10.1091878999024,10.0971495266306,10.0885431667914,10.0781385625224,10.0660724651292,10.0580335645928,10.0535508515663,10.0367814791611
1.21746032563142,10.1142987453535,10.1091145029433,10.1083717694789,10.107536913379,10.0971758023632,10.0888497344256,10.0806362650728,10.0723694504038,10.0633578017595,10.0591523093972,10.0436112735326
1.23523346907129,10.1140342946743,10.1081445327509,10.1068530011562,10.1038527204704,10.096789878554,10.0877702660336,10.0835004006557,10.0763161681312,10.0686588086172,10.0623293453438,10.0479295027055
1.25300661251117,10.1160524531309,10.1090537284571,10.1043364804155,10.0994788607619,10.0939283834286,10.0858007807205,10.0846747857117,10.0784712281884,10.0742204558282,10.0672231266801,10.0534090026938
1.27077975595104,10.1176336849813,10.109309504836,10.1006799674133,10.094808769048,10.0891593364256,10.0825321634301,10.0830953873908,10.0794344014657,10.0794076573983,10.075208677399,10.0622913054807
1.28855289939092,10.1158924740763,10.1070011202375,10.0959423451291,10.0907079509981,10.0844075613204,10.0788496180101,10.0801604246467,10.0806726194412,10.0834967656738,10.0840271027908,10.072498107504
1.30632604283079,10.1111396515894,10.1019694507221,10.0905554599639,10.0873403021129,10.0816540930869,10.0756008899692,10.078070737744,10.081278504517,10.0866326236844,10.0894289095789,10.0807312130009
1.32409918627067,10.1050113394146,10.0962128599341,10.0854933825511,10.0847022773921,10.0810411126255,10.0739017213818,10.077271898497,10.0815522878331,10.0876268517716,10.0918560096075,10.083998211597
1.34187232971054,10.1006831684686,10.0920055044365,10.0823271962055,10.0822161902709,10.0814153393564,10.0743085788586,10.0775544383776,10.0819231558212,10.0866221968358,10.0913984223363,10.0829419900727
1.35964547315042,10.1009000984621,10.0913434547196,10.0823784142362,10.0809501616617,10.0821796792654,10.0769079695519,10.0786896921952,10.0826816942132,10.084610698107,10.0885240689108,10.0794463458605
1.37741861659029,10.1058964314592,10.0947019493169,10.085661206185,10.0823864325785,10.0840641844329,10.0808112769917,10.0805996988132,10.0826322979573,10.0830142039332,10.08315833022,10.0742932345699
1.39519176003017,10.1138656329943,10.1003150922094,10.0913438055449,10.0870104038648,10.0873602469843,10.0851660863566,10.0822492542399,10.0816904144672,10.0817166312321,10.0772808255133,10.0684816805184
1.41296490347004,10.1222204547252,10.1063409631258,10.0981996705008,10.0938790213503,10.0916354774398,10.0887922606414,10.0829458675107,10.0793226556648,10.0797397947152,10.0723441999595,10.0637354641347
1.43073804690991,10.1298266222528,10.1124961385465,10.1046855748821,10.1005261202175,10.0952101391057,10.0912365329487,10.0822559902704,10.0757533576023,10.0752581525831,10.0692941703337,10.0601558988343
1.44851119034979,10.1365100147349,10.1178032171356,10.1090255407242,10.103813586692,10.0966441333399,10.0916536323449,10.0810890685104,10.0717891563922,10.0687896793563,10.06653404277,10.0568632989949
1.46628433378966,10.1412233886965,10.1214775578009,10.1098608287067,10.103385882358,10.0952312115604,10.0905279853273,10.0798462971174,10.0687998144842,10.0630976732475,10.0627392492951,10.0535618616646
1.48405747722954,10.1438616078732,10.1227532843723,10.1084367974125,10.1003507370553,10.0922152173064,10.0872681406241,10.0779100210042,10.0666846546737,10.0597007993111,10.0583781053669,10.0511834578229
1.50183062066941,10.1444346632749,10.1225120929432,10.1066935401097,10.0972879418059,10.088368312179,10.0817881560808,10.0738427666465,10.06462503432,10.0576837751291,10.0544909509434,10.0490269267036
1.51960376410929,10.1439214394203,10.1215117603169,10.1062331944815,10.0951835472221,10.0845545156835,10.0745228034323,10.068301583183,10.0611342954004,10.0553947708126,10.0511541099041,10.0471920108779
1.53737690754916,10.1430705679518,10.121002526244,10.1068461670274,10.0941070105297,10.081333757236,10.0683343800383,10.0625219352757,10.0569867193891,10.0523992409953,10.0495780650061,10.0464838015597
1.55515005098904,10.1422351241402,10.120824431312,10.1075545639581,10.0929292781152,10.0791552772304,10.0650860877564,10.0584605077489,10.0538376835151,10.050670534738,10.051257856006,10.0482850546192
1.57292319442891,10.1409525031209,10.1206520227854,10.1069357463585,10.0911736064861,10.0781763112557,10.0653756272092,10.0573016076869,10.0527475981297,10.0524118940731,10.0568245377097,10.0537482918086
1.59069633786879,10.1399937265098,10.1201362278882,10.1050426394615,10.0895965093952,10.0792498387328,10.0691211575438,10.0590923773961,10.0539882621707,10.0579290151219,10.0652273870932,10.0626577496934
1.60846948130866,10.1396932546291,10.1196848250817,10.1035659617999,10.0907568244781,10.0832225376914,10.0753079619615,10.0638993431304,10.0583994676147,10.0652327261735,10.0735245900193,10.0724453636291
1.62624262474854,10.1400880354195,10.1198357997923,10.1039724678338,10.0953306358599,10.0901320373954,10.0830499278127,10.0716969898063,10.066447002839,10.0724106925927,10.0791689535463,10.0798143044745
1.64401576818841,10.1405894572732,10.1212485025333,10.106978114737,10.1018369300392,10.0991146106481,10.0920154265005,10.0817967343987,10.0770996724209,10.0780906062704,10.0823542350625,10.0838143030875
1.66178891162829,10.1414156847795,10.1239149571881,10.1127460507371,10.1090429747925,10.1074188864011,10.1002982399652,10.092627942133,10.0883169184987,10.0833516402776,10.0838297058379,10.0856416147394
1.67956205506816,10.1435737765936,10.127687437764,10.1200564217676,10.1159934293414,10.1124535872146,10.106566506631,10.1020514121362,10.0987172547535,10.0896849863622,10.0854386732438,10.0855343614856
1.69733519850804,10.1479087201386,10.1317156030822,10.1266492806411,10.1209156891066,10.1147459931272,10.1099757762455,10.1090163145156,10.1067222534551,10.0974381391365,10.0874492417213,10.0847521915307
1.71510834194791,10.1525418536597,10.1350538581768,10.1300977007375,10.1233688014629,10.1157803803466,10.1123433600419,10.1128171720895,10.1121931071025,10.1042509274637,10.0894846955751,10.0841581676333
1.73288148538778,10.1561061275312,10.1369767502258,10.1309593122354,10.1238494170569,10.1175354831978,10.1147472883074,10.1146797735616,10.1139680296836,10.1079981410582,10.091997260006,10.0849691287877
1.75065462882766,10.1583787394634,10.138579566609,10.1308450253857,10.1248689641255,10.1200909886768,10.1171532764779,10.1147357301077,10.1126844599953,10.1083797702707,10.0950530243313,10.0873122429035
1.76842777226753,10.1602566003558,10.1408874626868,10.1320813658807,10.1275690818674,10.1225290210561,10.1180648914233,10.1133607134995,10.1089951406659,10.1068814329809,10.0969323054362,10.0891824223839
1.78620091570741,10.1611412161483,10.144373417864,10.1359455371769,10.1315684943496,10.1237161311776,10.1180366478165,10.1107296941447,10.1047858632738,10.1040001432937,10.097244724887,10.0889349539764
1.80397405914728,10.1604490584354,10.1478758096735,10.1416467910669,10.1359440817067,10.124573642835,10.1181032972674,10.1085386676438,10.1016467038695,10.1010706677238,10.0964064836728,10.0878062899498
1.82174720258716,10.1577626090019,10.1498336362581,10.1465580621501,10.1397054797636,10.1255799086262,10.118859383569,10.108535531152,10.101386290477,10.0991317836993,10.0960789539761,10.0875389121514
1.83952034602703,10.1548781883967,10.1486314520683,10.1486722985891,10.1412512157943,10.1271638941141,10.1199213321628,10.1109194000955,10.1043822009769,10.0994477223437,10.0971972219135,10.0897635327761
1.85729348946691,10.1520978490642,10.1458552627651,10.1469464077556,10.1404524427487,10.1286413547292,10.1209254407946,10.1144344108987,10.1085234163606,10.1026127351515,10.1002054748204,10.0946078946139
1.87506663290678,10.1484314458188,10.1419877443844,10.1434807611255,10.1381956948948,10.1293804596028,10.1212881428831,10.1177555770805,10.1128359796649,10.1077307908563,10.1042908388878,10.1002007056423
1.89283977634666,10.1429546393255,10.1373417586545,10.138150582454,10.1346985835702,10.128492414538,10.1215559202031,10.1199941667685,10.11770348366,10.1125902521992,10.1075413033766,10.1027930389763
1.91061291978653,10.1367523852614,10.1315865053854,10.1308841379329,10.1285144128855,10.1267264933297,10.122502524257,10.1221039773147,10.1223311651361,10.1156792835591,10.1077922291197,10.1017772550731
1.92838606322641,10.1307072689748,10.125292148888,10.1222892419933,10.1208180388618,10.123713297751,10.1238979434847,10.1242334487751,10.1249755804225,10.1156852226997,10.1053144029636,10.0971916838244
1.94615920666628,10.1252530448816,10.1197046445685,10.1150028820355,10.1132771491673,10.1190600029344,10.1238829728069,10.1254475042154,10.1234429158883,10.113413564286,10.1014906248999,10.0917530673209
1.96393235010616,10.1197981364942,10.1156783706199,10.1102479243339,10.107159824232,10.1128395655947,10.1207775827898,10.1234335733676,10.1187271277603,10.1097288401541,10.0984588259397,10.0880158754397
1.98170549354603,10.1143068749525,10.1113022630635,10.1064563255204,10.102008580892,10.1062756829993,10.1136572701288,10.1178651922228,10.1127486649407,10.1063005438234,10.0970828931797,10.0871904178054
1.99947863698591,10.1075058060128,10.1046307718504,10.1013476510889,10.0968565504195,10.0989472104063,10.1043301415635,10.1085952846039,10.1064930211527,10.1034653736882,10.097017586426,10.0880580013207
